file,kind,detail
L_68205.xml,unresolved-entity-key,Poetry
L_68205.xml,unresolved-entity-key,Ernest Fenollosa
L_68205.xml,unresolved-entity-key,Eugene Paul Ullman
L_68205.xml,unresolved-entity-key,Henri Gaudier-Brzeska
L_68205.xml,unresolved-entity-key,Pound/Joyce
L_68205.xml,unresolved-entity-key,Pound/Joyce
L_68205.xml,unresolved-entity-key,JJ
L_68205.xml,unresolved-entity-key,Pound/Joyce
L_68205.xml,unresolved-entity-key,JJ
L_68205.xml,unresolved-entity-key,Henry James
L_68205.xml,unresolved-entity-key,Joseph Conrad
L_68205.xml,unresolved-entity-key,D.H. Lawrence
L_68205.xml,unresolved-entity-key,Katherine Mansfield
L_68205.xml,unresolved-entity-key,Dorothy Richardson
L_68205.xml,unresolved-entity-key,Dubliners
L_68205.xml,unresolved-entity-key,A Portrait of the Artist as a Young Man
L_68205.xml,unresolved-entity-key,Egoist
L_68205.xml,unresolved-entity-key,Exiles: A Play in Three Acts
L_68205.xml,unresolved-entity-key,Exiles
L_68205.xml,unresolved-entity-key,Dubliners
L_68205.xml,unresolved-entity-key,Countess Cathleen
L_68205.xml,unresolved-entity-key,The Countess Cathleen
L_68205.xml,unresolved-entity-key,Tragedie Irlandesi di William Butler Yeats
L_68205.xml,unresolved-entity-key,Stephen Hero
L_68205.xml,unresolved-entity-key,The Countess Cathleen
L_68205.xml,unresolved-entity-key,LI
L_68205.xml,unresolved-entity-key,LI
L_68205.xml,unresolved-entity-key,J.M. Synge
L_68205.xml,unresolved-entity-key,Riders to the Sea
L_68205.xml,unresolved-entity-key,La Cavalcata al Mare
L_68205.xml,unresolved-entity-key,Solaria
L_68210.xml,unresolved-entity-key,Pound/Joyce
L_68210.xml,unresolved-entity-key,Eva
L_68210.xml,unresolved-entity-key,Bozena Berta (Beatrice Bertha)
L_68210.xml,unresolved-entity-key,Eleanora (Nora)
L_68210.xml,unresolved-entity-key,Studies in Bibliography
L_68210.xml,unresolved-entity-key,LII
L_68210.xml,unresolved-entity-key,George Jean Nathan
L_68210.xml,unresolved-entity-key,LI
L_68210.xml,unresolved-entity-key,Willard Huntington Wright
L_68210.xml,unresolved-entity-key,LII
L_68210.xml,unresolved-entity-key,LI
L_68217.xml,unresolved-entity-key,Dubliners
L_68217.xml,unresolved-entity-key,Flaubert
L_68217.xml,unresolved-entity-key,the Egoist Ltd. of London
L_68217.xml,unresolved-entity-key,Pound/Joyce
L_68224.xml,unresolved-entity-key,influential pupils
L_68224.xml,unresolved-entity-key,LI
L_68224.xml,unresolved-entity-key,New York Times
L_68224.xml,unresolved-entity-key,New York Times
L_68224.xml,unresolved-entity-key,New York Evening World
L_68224.xml,unresolved-entity-key,LI
L_68224.xml,unresolved-entity-key,LII
L_68224.xml,unresolved-entity-key,Studies in Bibliography
L_68224.xml,unresolved-entity-key,The Egoist Press
L_68224.xml,unresolved-entity-key,Shakespeare and Company
L_68232.xml,unresolved-entity-key,LII
L_68232.xml,unresolved-entity-key,LII
L_68232.xml,unresolved-entity-key,LII
L_68232.xml,unresolved-entity-key,LII
L_68232.xml,unresolved-entity-key,LII
L_68232.xml,unresolved-entity-key,LII
L_68232.xml,unresolved-entity-key,LII
L_68232.xml,unresolved-entity-key,LII
L_68232.xml,unresolved-entity-key,Pound/Joyce
L_68232.xml,unresolved-entity-key,the Royal Literary Fund
L_68232.xml,unresolved-entity-key,JJ
L_68232.xml,unresolved-entity-key,LII
L_68232.xml,unresolved-entity-key,Poetry
L_68232.xml,unresolved-entity-key,the War Office
L_68232.xml,unresolved-entity-key,Pound/Joyce
L_68232.xml,unresolved-entity-key,the Scuola Superiore di Commercio Revoltella
L_68232.xml,unresolved-entity-key,Pound/Joyce
L_68232.xml,unresolved-entity-key,LII
L_68232.xml,unresolved-entity-key,Cecil I. Dorrian
L_68232.xml,unresolved-entity-key,Oliver Morosco
L_68232.xml,unresolved-entity-key,LII
L_68232.xml,unresolved-entity-key,Pound/Joyce
L_68232.xml,unresolved-entity-key,JJ
L_68232.xml,unresolved-entity-key,Who’s Who
L_68232.xml,unresolved-entity-key,Chamber Music
L_68232.xml,unresolved-entity-key,Fortnightly Review
L_68232.xml,unresolved-entity-key,Saturday Review
L_68232.xml,unresolved-entity-key,Speaker
L_68232.xml,unresolved-entity-key,Piccolo della Sera
L_68232.xml,unresolved-entity-key,Who’s Who 1916
L_68232.xml,unresolved-entity-key,Chamber Music
L_68232.xml,unresolved-entity-key,Pound/Joyce
L_68232.xml,unresolved-entity-key,"Ezra and Dorothy Pound: Letters in Captivity, 1945-1946"
L_68237.xml,unresolved-entity-key,the Higher School of Commerce
L_68237.xml,unresolved-entity-key,that fund
L_68237.xml,unresolved-entity-key,a bank
L_68237.xml,unresolved-entity-key,JJ
L_68237.xml,unresolved-entity-key,LII
L_68237.xml,unresolved-entity-key,JJ
L_68237.xml,unresolved-entity-key,the War Office
L_68237.xml,unresolved-entity-key,University College Dublin (UCD)
L_68237.xml,unresolved-entity-key,the University of Padua
L_68237.xml,unresolved-entity-key,Journal of Modern Literature
L_68237.xml,unresolved-entity-key,a Berlitz School
L_68237.xml,unresolved-entity-key,the Scuola Superiore di Commercio Revoltella
L_68237.xml,unresolved-entity-key,Pound/Joyce
L_68237.xml,unresolved-entity-key,LII
L_68237.xml,unresolved-entity-key,LII
L_68237.xml,unresolved-entity-key,LII
L_68237.xml,unresolved-entity-key,Drama
L_68280.xml,unresolved-entity-key,LII
L_68283.xml,unresolved-entity-key,The Egoist
L_68284.xml,unresolved-entity-key,Egoist Press
L_68284.xml,unresolved-entity-key,The Egoist
L_68284.xml,unresolved-entity-key,LII
L_68284.xml,unresolved-entity-key,D.H. Lawrence
L_68284.xml,unresolved-entity-key,LII
L_68284.xml,unresolved-entity-key,Joseph Conrad
L_68284.xml,unresolved-entity-key,Youth: A Narrative and Two Other Stories
L_68284.xml,unresolved-entity-key,Henry James
L_68284.xml,unresolved-entity-key,The American Scene
L_68284.xml,unresolved-entity-key,Studies in Bibliography
L_68284.xml,unresolved-entity-key,English Review
L_68284.xml,unresolved-entity-key,The Nation
L_68284.xml,unresolved-entity-key,Poetry
L_68284.xml,unresolved-entity-key,Poetry
L_68284.xml,unresolved-entity-key,Pomes Penyeach
L_68284.xml,unresolved-entity-key,Chamber Music
L_68284.xml,unresolved-entity-key,LI
L_68284.xml,unresolved-entity-key,Pound/Joyce
L_68284.xml,unresolved-entity-key,LII
L_68284.xml,unresolved-entity-key,Ulysses in Progress
L_68284.xml,unresolved-entity-key,Drama
L_68284.xml,unresolved-entity-key,Drama
L_68284.xml,unresolved-entity-key,Pound/Joyce
L_68290.xml,unresolved-entity-key,LII
L_68290.xml,unresolved-entity-key,Pound/Joyce
L_68290.xml,unresolved-entity-key,Pound/Lewis: The Letters of Ezra Pound and Wyndham Lewis
L_68290.xml,unresolved-entity-key,LII
L_68290.xml,unresolved-entity-key,Dubliners
L_68290.xml,unresolved-entity-key,the Royal Literary Fund
L_68290.xml,unresolved-entity-key,the British Civil List
L_68290.xml,unresolved-entity-key,the British Society of Authors
L_68290.xml,unresolved-entity-key,JJ
L_68297.xml,unresolved-entity-key,The Egoist
L_68297.xml,unresolved-entity-key,LII
L_68297.xml,unresolved-entity-key,The Letters of Ezra Pound
L_68314.xml,unresolved-entity-key,"Economic Warfare and the Sea: Grand Strategies for Maritime Powers, 1600-1945"
L_68314.xml,unresolved-entity-key,Studies in Bibliography
L_68314.xml,unresolved-entity-key,JJ
L_68314.xml,unresolved-entity-key,JJ
L_68314.xml,unresolved-entity-key,Kingstown
L_68314.xml,unresolved-entity-key,Holyhead
L_68314.xml,unresolved-entity-key,Sandycove
L_68314.xml,unresolved-entity-key,the British Civil List
L_68314.xml,unresolved-entity-key,LI
L_68317.xml,unresolved-entity-key,D.H. Lawrence
L_68317.xml,unresolved-entity-key,the Egoist Ltd. of London
L_68317.xml,unresolved-entity-key,Studies in Bibliography
L_68317.xml,unresolved-entity-key,Pound/Joyce
L_68317.xml,unresolved-entity-key,Sherwood Anderson
L_68317.xml,unresolved-entity-key,Theodore Dreiser
L_68317.xml,unresolved-entity-key,Robert Frost
L_68317.xml,unresolved-entity-key,Kahlil Gibran
L_68317.xml,unresolved-entity-key,D.H. Lawrence
L_68317.xml,unresolved-entity-key,Amy Lowell
L_68317.xml,unresolved-entity-key,Pound/Joyce
L_68317.xml,unresolved-entity-key,Kismet
L_68317.xml,unresolved-entity-key,Pound/Joyce
L_68317.xml,unresolved-entity-key,Pound/Joyce
L_68317.xml,unresolved-entity-key,"Lady Cunard, born Maud Alice Burke"
L_68317.xml,unresolved-entity-key,George Moore
L_68317.xml,unresolved-entity-key,the British Civil List
L_68317.xml,unresolved-entity-key,JJ
L_68317.xml,unresolved-entity-key,LI
L_68317.xml,unresolved-entity-key,Pound/Joyce
L_68317.xml,unresolved-entity-key,Pound/Joyce
L_68317.xml,unresolved-entity-key,LI
L_68317.xml,unresolved-entity-key,LI
L_68317.xml,unresolved-entity-key,Pound/Joyce
L_68317.xml,unresolved-entity-key,Pound/Joyce
L_68317.xml,unresolved-entity-key,Little Review
L_68317.xml,unresolved-entity-key,Pound
L_68317.xml,unresolved-entity-key,: The Letters of Ezra Pound to Margaret Anderson: The
L_68317.xml,unresolved-entity-key,Correspondence
L_68317.xml,unresolved-entity-key,Pavannes and Divisions
L_68317.xml,unresolved-entity-key,Mushrooms: A Book of Free Forms
L_68317.xml,unresolved-entity-key,The Glebe
L_68317.xml,unresolved-entity-key,Des Imagistes: An Anthology
L_68317.xml,unresolved-entity-key,Others
L_68317.xml,unresolved-entity-key,Others: An Anthology of the New Verse
L_68317.xml,unresolved-entity-key,A Portrait
L_68317.xml,unresolved-entity-key,U
L_68348.xml,unresolved-entity-key,Letters I
L_68348.xml,unresolved-entity-key,Philipp Jarnach
L_68348.xml,unresolved-entity-key,Ferruccio Busoni
L_68348.xml,unresolved-entity-key,JJ
L_68348.xml,unresolved-entity-key,Pound/Joyce
L_68348.xml,unresolved-entity-key,LI
L_68348.xml,unresolved-entity-key,E. Byrne Hackett
L_68348.xml,unresolved-entity-key,the Yale University Press
L_68348.xml,unresolved-entity-key,Clongowes school
L_68348.xml,unresolved-entity-key,Pound/Joyce
L_68348.xml,unresolved-entity-key,Mitchell Kennerley
L_68348.xml,unresolved-entity-key,Pound/Joyce
L_68348.xml,unresolved-entity-key,his doctor
L_68348.xml,unresolved-entity-key,JJ
L_68352.xml,unresolved-entity-key,Pound/Joyce
L_68352.xml,unresolved-entity-key,LI
L_68352.xml,unresolved-entity-key,LII
L_68352.xml,unresolved-entity-key,Nation
L_68352.xml,unresolved-entity-key,New Republic
L_68352.xml,unresolved-entity-key,Times Literary Supplement
L_68352.xml,unresolved-entity-key,Gulliver’s Travels
L_68352.xml,unresolved-entity-key,Nation
L_68352.xml,unresolved-entity-key,TLS
L_68352.xml,unresolved-entity-key,Vanity Fair
L_68352.xml,unresolved-entity-key,New Statesman
L_68352.xml,unresolved-entity-key,New Republic
L_68352.xml,unresolved-entity-key,Unicorns
L_68352.xml,unresolved-entity-key,New York Sun
L_68352.xml,unresolved-entity-key,Everyman
L_68352.xml,unresolved-entity-key,"James Joyce: The Critical Heritage, Volume 1, 1907-1927"
L_68352.xml,unresolved-entity-key,James Joyce Quarterly
L_68352.xml,unresolved-entity-key,Arthur Clutton-Brock
L_68352.xml,unresolved-entity-key,LII
L_68352.xml,unresolved-entity-key,Edith Craig
L_68352.xml,unresolved-entity-key,Ellen Terry
L_68352.xml,unresolved-entity-key,Mrs. Warren’s Profession
L_68352.xml,unresolved-entity-key,Charlotte Perkins Gilman
L_68352.xml,unresolved-entity-key,Three Women
L_68352.xml,unresolved-entity-key,Reginald Wright Kauffman
L_68352.xml,unresolved-entity-key,The Daughters of Ishmael
L_68352.xml,unresolved-entity-key,Magdalen Ponsonby
L_68352.xml,unresolved-entity-key,Idle Women: A Study in Futility
L_68352.xml,unresolved-entity-key,Verbannte: Schauspiel in drei Akten
L_68352.xml,unresolved-entity-key,the Independent Theatre
L_68352.xml,unresolved-entity-key,Ghosts
L_68352.xml,unresolved-entity-key,Widowers’ Houses
L_68352.xml,unresolved-entity-key,Oscar Wilde
L_68352.xml,unresolved-entity-key,Salome
L_68352.xml,unresolved-entity-key,Maud Allan
L_68352.xml,unresolved-entity-key,Egoist Ltd.
L_68352.xml,unresolved-entity-key,Shakespeare and Company
L_68352.xml,unresolved-entity-key,the Egoist Press
L_68352.xml,unresolved-entity-key,JJ
L_68352.xml,unresolved-entity-key,LI
L_68352.xml,unresolved-entity-key,LII
L_68352.xml,unresolved-entity-key,Ulysses in Progress
L_68352.xml,unresolved-entity-key,Pound/Joyce
L_68352.xml,unresolved-entity-key,The Cantos
L_68352.xml,unresolved-entity-key,Poetry
L_68352.xml,unresolved-entity-key,Poetry
L_68352.xml,unresolved-entity-key,Don Juan
L_68352.xml,unresolved-entity-key,Poetry
L_68352.xml,unresolved-entity-key,Ernest Fenollosa
L_68352.xml,unresolved-entity-key,“Noh” or Accomplishment: A Study of the Classical Stage of Japan
L_68352.xml,unresolved-entity-key,Certain Noble Plays of Japan
L_68352.xml,unresolved-entity-key,At the Hawk’s Well
L_68352.xml,unresolved-entity-key,Lady Cunard
L_68352.xml,unresolved-entity-key,Pound/Joyce
L_68352.xml,unresolved-entity-key,Iris Barry
L_68352.xml,unresolved-entity-key,"Selected Letters of Ezra Pound, 1907-1941"
L_68352.xml,unresolved-entity-key,The Consolations of Matrimony
L_68352.xml,unresolved-entity-key,Synge
L_68352.xml,unresolved-entity-key,"Stone Cottage: Pound, Yeats, and Modernism"
L_68352.xml,unresolved-entity-key,At the Hawk’s Well
L_68352.xml,unresolved-entity-key,"Ezra Pound: Poet, A Portrait of the Man and His Work"
L_68352.xml,unresolved-entity-key,The Consolations of Matrimony
L_68352.xml,unresolved-entity-key,Plays Modelled on the Noh (1916)
L_68352.xml,unresolved-entity-key,Pound/Joyce
L_68352.xml,unresolved-entity-key,Pound/Joyce
L_68361.xml,unresolved-entity-key,Pound/Joyce
L_68361.xml,unresolved-entity-key,Pound/Joyce
L_68361.xml,unresolved-entity-key,Pound/Joyce
L_68361.xml,unresolved-entity-key,Encyclopedia Britannica
L_68361.xml,unresolved-entity-key,Frederick J. Poynton
L_68361.xml,unresolved-entity-key,Alexander Paine
L_68361.xml,unresolved-entity-key,Lancet
L_68361.xml,unresolved-entity-key,the Zurich Augenklinik
L_68361.xml,unresolved-entity-key,JJ
L_68361.xml,unresolved-entity-key,Finnegans Wake
L_68361.xml,unresolved-entity-key,FW
L_68361.xml,unresolved-entity-key,Concerning Lafcadio Hearn
L_68361.xml,unresolved-entity-key,Pound/Joyce
L_68361.xml,unresolved-entity-key,"Ezra Pound and Margaret Cravens: A Tragic Friendship, 1910-1912"
L_68361.xml,unresolved-entity-key,Pound/Joyce
L_68361.xml,unresolved-entity-key,"The Selected Letters of Ezra Pound to John Quinn, 1915-1924"
L_68361.xml,unresolved-entity-key,Mina Loy
L_68361.xml,unresolved-entity-key,Francis Picabia
L_68361.xml,unresolved-entity-key,Dorothy Richardson
L_68361.xml,unresolved-entity-key,May Sinclair
L_68361.xml,unresolved-entity-key,Gertrude Stein
L_68361.xml,unresolved-entity-key,W.C. Williams
L_68361.xml,unresolved-entity-key,Hans Arp
L_68361.xml,unresolved-entity-key,Marcel Duchamp
L_68361.xml,unresolved-entity-key,Fernand Léger
L_68361.xml,unresolved-entity-key,Pound/Joyce
L_68361.xml,unresolved-entity-key,LI
L_68374.xml,unresolved-entity-key,Pound/Joyce
L_68374.xml,unresolved-entity-key,Pound/Joyce
L_68374.xml,unresolved-entity-key,Olivia Shakespear
L_68374.xml,unresolved-entity-key,an English couple named Eden
L_68374.xml,unresolved-entity-key,Uncle Hilary
L_68374.xml,unresolved-entity-key,Olivia Shakespear and W.B. Yeats: After Long Silence
L_68374.xml,unresolved-entity-key,A Garden in Venice
L_68374.xml,unresolved-entity-key,Ezra Pound to his Parents: Letters 1895-1929
L_68374.xml,unresolved-entity-key,"Ezra Pound and Dorothy Shakespear: Their Letters, 1909-1914"
L_68374.xml,unresolved-entity-key,the eye clinic (Augenklinik) of the University of Zurich
L_68374.xml,unresolved-entity-key,Alfred Vogt
L_68374.xml,unresolved-entity-key,JJ
L_68374.xml,unresolved-entity-key,Poetry
L_68374.xml,unresolved-entity-key,Poetry
L_68374.xml,unresolved-entity-key,Pomes Penyeach
L_68374.xml,unresolved-entity-key,Princess Maleine
L_68374.xml,unresolved-entity-key,Maurice Maeterlinck
L_68374.xml,unresolved-entity-key,Pound/Joyce
L_68374.xml,unresolved-entity-key,A Bibliography of James Joyce
L_68374.xml,unresolved-entity-key,LII
L_68374.xml,unresolved-entity-key,J.M. Barrie
L_68374.xml,unresolved-entity-key,JJ
L_68374.xml,unresolved-entity-key,Regent Theatre
L_68374.xml,unresolved-entity-key,W.G. Fay
L_68374.xml,unresolved-entity-key,Pound/Joyce
L_68374.xml,unresolved-entity-key,Cantos
L_68374.xml,unresolved-entity-key,Personae: The Shorter Poems
L_68374.xml,unresolved-entity-key,Pound/Joyce
L_68382.xml,unresolved-entity-key,Sir Anderson Critchett
L_68382.xml,unresolved-entity-key,Pound/Joyce
L_68382.xml,unresolved-entity-key,LI
L_68382.xml,unresolved-entity-key,Egoist Press
L_68382.xml,unresolved-entity-key,LI
L_68382.xml,unresolved-entity-key,Studies in Bibliography
L_68382.xml,unresolved-entity-key,LII
L_68382.xml,unresolved-entity-key,LI
L_68382.xml,unresolved-entity-key,Pound/Joyce
L_68382.xml,unresolved-entity-key,Poetry
L_68382.xml,unresolved-entity-key,Alfred A. Knopf
L_68382.xml,unresolved-entity-key,Pound/Joyce
L_68382.xml,unresolved-entity-key,LIII
L_68382.xml,unresolved-entity-key,Pound/Joyce
L_68382.xml,unresolved-entity-key,Pound/Joyce
L_68382.xml,unresolved-entity-key,Pound/Joyce
L_68384.xml,unresolved-entity-key,a Spaniard
L_68384.xml,unresolved-entity-key,LI
L_68384.xml,unresolved-entity-key,Charlotte Sauermann
L_68384.xml,unresolved-entity-key,the Zurich opera
L_68384.xml,unresolved-entity-key,Mrs. Harold McCormick
L_68384.xml,unresolved-entity-key,JJ
L_68384.xml,unresolved-entity-key,Philipp Jarnach
L_68384.xml,unresolved-entity-key,Ferruccio Busoni
L_68384.xml,unresolved-entity-key,Lucia Joyce: To Dance in the Wake
L_68384.xml,unresolved-entity-key,Schumann
L_68384.xml,unresolved-entity-key,Weber
L_68384.xml,unresolved-entity-key,Oberon
L_68384.xml,unresolved-entity-key,Beethoven
L_68384.xml,unresolved-entity-key,Missa solemnis
L_68384.xml,unresolved-entity-key,Verdi
L_68384.xml,unresolved-entity-key,Requiem
L_68384.xml,unresolved-entity-key,Mahler
L_68384.xml,unresolved-entity-key,JJ
L_68384.xml,unresolved-entity-key,LII
L_68384.xml,unresolved-entity-key,LII
L_68384.xml,unresolved-entity-key,Pound/Joyce
L_68384.xml,unresolved-entity-key,the American printers
L_68384.xml,unresolved-entity-key,LI
L_68384.xml,unresolved-entity-key,JJ
L_68384.xml,unresolved-entity-key,LII
L_68384.xml,unresolved-entity-key,Pound/Joyce
L_68384.xml,unresolved-entity-key,a Spanish sculptor
L_68384.xml,unresolved-entity-key,Charles Baudelaire
L_68384.xml,unresolved-entity-key,Paul Verlaine
L_68384.xml,unresolved-entity-key,a notebook he compiled in 1919-1920 in Trieste
L_68384.xml,unresolved-entity-key,James Joyce’s Manuscripts and Letters at the University of Buffalo: A Catalogue
L_68384.xml,unresolved-entity-key,The Hesperia: A Greek Weekly Illustrated Newspaper
L_68384.xml,unresolved-entity-key,Dr. Constantine Pouptis
L_68384.xml,unresolved-entity-key,LI
L_68384.xml,unresolved-entity-key,Horace
L_68384.xml,unresolved-entity-key,Epistle
L_68384.xml,unresolved-entity-key,Pound/Joyce
L_68393.xml,unresolved-entity-key,Mr Phocas
L_68393.xml,unresolved-entity-key,Pound/Joyce
L_68393.xml,unresolved-entity-key,Alfred A. Knopf
L_68393.xml,unresolved-entity-key,his printer
L_68393.xml,unresolved-entity-key,D.H. Lawrence
L_68393.xml,unresolved-entity-key,The Cantos
L_68393.xml,unresolved-entity-key,Pound/Joyce
L_68393.xml,unresolved-entity-key,Pound/Joyce
L_68393.xml,unresolved-entity-key,Bulletin of Research in the Humanities
L_68393.xml,unresolved-entity-key,LII
L_68393.xml,unresolved-entity-key,SL
L_68393.xml,unresolved-entity-key,Pound/Joyce
L_68393.xml,unresolved-entity-key,New York Times
L_68393.xml,unresolved-entity-key,Prufrock and Other Observations
L_68393.xml,unresolved-entity-key,the Egoist Press
L_68393.xml,unresolved-entity-key,LIII
L_68393.xml,unresolved-entity-key,François Rabelais
L_68393.xml,unresolved-entity-key,LII
L_68393.xml,unresolved-entity-key,Pound/Joyce
L_68393.xml,unresolved-entity-key,"The Selected Letters of Ezra Pound to John Quinn, 1915-1924"
L_68393.xml,unresolved-entity-key,JJ
L_68393.xml,unresolved-entity-key,Studies in Bibliography
L_68393.xml,unresolved-entity-key,LII
L_68393.xml,unresolved-entity-key,Studies in Bibliography
L_68393.xml,unresolved-entity-key,Pound/Joyce
L_68393.xml,unresolved-entity-key,LI
L_68393.xml,unresolved-entity-key,LI
L_68393.xml,unresolved-entity-key,LI
L_68393.xml,unresolved-entity-key,Glasgow Herald
L_68393.xml,unresolved-entity-key,Everyman
L_68393.xml,unresolved-entity-key,Freeman’s Journal
L_68393.xml,unresolved-entity-key,Ta elliniká tou James Joyce
L_68393.xml,unresolved-entity-key,Chamber Music
L_68393.xml,unresolved-entity-key,JJII
L_68393.xml,unresolved-entity-key,James Joyce’s Manuscripts and Letters at the University of Buffalo: A Catalogue
L_68393.xml,unresolved-entity-key,Wilhelm Dörpfeld
L_68393.xml,unresolved-entity-key,Walter Leaf
L_68393.xml,unresolved-entity-key,Homer and History
L_68393.xml,unresolved-entity-key,Victor Bérard
L_68393.xml,unresolved-entity-key,LI
L_68393.xml,unresolved-entity-key,Mercure de France
L_68393.xml,unresolved-entity-key,Spirit of Romance
L_68393.xml,unresolved-entity-key,Mercure
L_68393.xml,unresolved-entity-key,Pound/Joyce
L_68393.xml,unresolved-entity-key,LI
L_68393.xml,unresolved-entity-key,Mercure
L_68393.xml,unresolved-entity-key,Tolstoy
L_68393.xml,unresolved-entity-key,"James Joyce: The Critical Heritage, Volume 1, 1907-1927"
L_68393.xml,unresolved-entity-key,LII
L_68393.xml,unresolved-entity-key,When We Dead Awaken
L_68393.xml,unresolved-entity-key,Fortnightly Review
L_68393.xml,unresolved-entity-key,JJ
L_68393.xml,unresolved-entity-key,Chamber Music
L_68393.xml,unresolved-entity-key,The Nation
L_68393.xml,unresolved-entity-key,the University of Zurich
L_68393.xml,unresolved-entity-key,Friedrich Nietzsche
L_68393.xml,unresolved-entity-key,W. Somerset Maugham
L_68393.xml,unresolved-entity-key,Island of Happiness
L_68393.xml,unresolved-entity-key,Torch Bearers
L_68393.xml,unresolved-entity-key,De Nieuwe Gids
L_68393.xml,unresolved-entity-key,The New Guide
L_68393.xml,unresolved-entity-key,Wagner
L_68393.xml,unresolved-entity-key,Oscar Wilde
L_68393.xml,unresolved-entity-key,Hardy
L_68393.xml,unresolved-entity-key,Kipling
L_68393.xml,unresolved-entity-key,Hall Caine
L_68393.xml,unresolved-entity-key,Zola
L_68393.xml,unresolved-entity-key,Pound/Joyce
L_68393.xml,unresolved-entity-key,JJ
L_68399.xml,unresolved-entity-key,Poetry
L_68399.xml,unresolved-entity-key,Pomes Penyeach
L_68399.xml,unresolved-entity-key,the Egoist Press
L_68399.xml,unresolved-entity-key,LIII
L_68399.xml,unresolved-entity-key,Pound/Joyce
L_68399.xml,unresolved-entity-key,Bulletin of Research in the Humanities
L_68399.xml,unresolved-entity-key,Pound/Joyce
L_68399.xml,unresolved-entity-key,the Egoist Press
L_68399.xml,unresolved-entity-key,LII
L_68399.xml,unresolved-entity-key,LII
L_68421.xml,unresolved-entity-key,"James Joyce: Letters, Manuscripts, and Photographs at Southern Illinois Universi"
L_68421.xml,unresolved-entity-key,Irische Blätter
L_68432.xml,unresolved-entity-key,SL
L_68432.xml,unresolved-entity-key,JJ
L_68432.xml,unresolved-entity-key,Tribune de Genève
L_68432.xml,unresolved-entity-key,Neue Zürcher Zeitung
L_68432.xml,unresolved-entity-key,Neue Zürcher Zeitung
L_68432.xml,unresolved-entity-key,LI
L_68432.xml,unresolved-entity-key,LII
L_68432.xml,unresolved-entity-key,LI
L_68432.xml,unresolved-entity-key,Ulysses in Progress
L_68432.xml,unresolved-entity-key,Odyssey
L_68432.xml,unresolved-entity-key,LI
L_68432.xml,unresolved-entity-key,James Joyce and the Making of Ulysses
L_68432.xml,unresolved-entity-key,Pound/Joyce
L_68432.xml,unresolved-entity-key,LI
L_68432.xml,unresolved-entity-key,LII
L_68432.xml,unresolved-entity-key,Regent Theatre
L_68432.xml,unresolved-entity-key,W.G. Fay
L_68432.xml,unresolved-entity-key,LII
L_68432.xml,unresolved-entity-key,LII
L_68432.xml,unresolved-entity-key,A Bibliography of James Joyce
L_68432.xml,unresolved-entity-key,LI
L_68432.xml,unresolved-entity-key,Studies in Bibliography
L_68432.xml,unresolved-entity-key,JJ
L_68437.xml,unresolved-entity-key,Metropole
L_68437.xml,unresolved-entity-key,LII
L_68437.xml,unresolved-entity-key,LIII
L_68437.xml,unresolved-entity-key,LIII
L_68437.xml,unresolved-entity-key,LIII
L_68437.xml,unresolved-entity-key,LII
L_68447.xml,unresolved-entity-key,Serial Encounters:
L_68447.xml,unresolved-entity-key,and
L_68447.xml,unresolved-entity-key,Pound/Joyce
L_68447.xml,unresolved-entity-key,Pound/Joyce
L_68447.xml,unresolved-entity-key,LI
L_68447.xml,unresolved-entity-key,Pound/Joyce
L_68447.xml,unresolved-entity-key,Rudolf Goldschmidt
L_68447.xml,unresolved-entity-key,Gemma Weiss
L_68447.xml,unresolved-entity-key,Ottocaro Weiss
L_68447.xml,unresolved-entity-key,the University of Zurich
L_68447.xml,unresolved-entity-key,Paula or Paola Weiss
L_68447.xml,unresolved-entity-key,JJ
L_68447.xml,unresolved-entity-key,LI
L_68447.xml,unresolved-entity-key,LII
L_68447.xml,unresolved-entity-key,Ulysses
L_68447.xml,unresolved-entity-key,Bulletin of Research in the Humanities
L_68447.xml,unresolved-entity-key,Library of John Quinn
L_68447.xml,unresolved-entity-key,JJ
L_68447.xml,unresolved-entity-key,Pound/Joyce
L_68447.xml,unresolved-entity-key,Pound/Joyce
L_68447.xml,unresolved-entity-key,John D. Rockefeller
L_68447.xml,unresolved-entity-key,LII
L_68447.xml,unresolved-entity-key,JJ
L_68447.xml,unresolved-entity-key,LII
L_68447.xml,unresolved-entity-key,LI
L_68449.xml,unresolved-entity-key,Ugo Moggi
L_68449.xml,unresolved-entity-key,JJ
L_68449.xml,unresolved-entity-key,Pound/Joyce
L_68449.xml,unresolved-entity-key,JJ
L_68449.xml,unresolved-entity-key,U
L_68449.xml,unresolved-entity-key,Pound/Joyce
L_68462.xml,unresolved-entity-key,The Egoist
L_68466.xml,unresolved-entity-key,Pound/Joyce
L_68466.xml,unresolved-entity-key,LII
L_68466.xml,unresolved-entity-key,Pound/Joyce
L_68466.xml,unresolved-entity-key,JJ
L_68466.xml,unresolved-entity-key,The Odyssey
L_68466.xml,unresolved-entity-key,Pound/Joyce
L_68466.xml,unresolved-entity-key,Pound/Joyce
L_68466.xml,unresolved-entity-key,James Joyce Quarterly
L_68466.xml,unresolved-entity-key,Pound/Joyce
L_68466.xml,unresolved-entity-key,The Odyssey
L_68466.xml,unresolved-entity-key,The Bath of the Nymph
L_68466.xml,unresolved-entity-key,U
L_68466.xml,unresolved-entity-key,Pound/Joyce
L_68466.xml,unresolved-entity-key,LI
L_68466.xml,unresolved-entity-key,the French Minister of Foreign Affairs
L_68466.xml,unresolved-entity-key,the Egoist Ltd.
L_68466.xml,unresolved-entity-key,LII
L_68466.xml,unresolved-entity-key,Éditions de La Sirène
L_68466.xml,unresolved-entity-key,Pound/Joyce
L_68466.xml,unresolved-entity-key,"The Selected Letters of Ezra Pound to John Quinn, 1915-1924"
L_68466.xml,unresolved-entity-key,Pound/Joyce
L_68466.xml,unresolved-entity-key,LII
L_68466.xml,unresolved-entity-key,Pound/Joyce
L_68466.xml,unresolved-entity-key,JJ
L_68466.xml,unresolved-entity-key,Pound/Joyce
L_68466.xml,unresolved-entity-key,The Cornell Joyce Collection: A Catalogue
L_68466.xml,unresolved-entity-key,LI
L_68466.xml,unresolved-entity-key,A Bibliography of James Joyce
L_68485.xml,unresolved-entity-key,Mr Hecht
L_68485.xml,unresolved-entity-key,Mr Brock
L_68485.xml,unresolved-entity-key,Mr Oikawa
L_68485.xml,unresolved-entity-key,LI
L_68485.xml,unresolved-entity-key,The Odyssey
L_68485.xml,unresolved-entity-key,Freeman’s Journal
L_68485.xml,unresolved-entity-key,The Odyssey
L_68485.xml,unresolved-entity-key,Future
L_68485.xml,unresolved-entity-key,Egoist Ltd.
L_68485.xml,unresolved-entity-key,Chamber Music
L_68485.xml,unresolved-entity-key,the British Civil List
L_68485.xml,unresolved-entity-key,Winston Churchill
L_68485.xml,unresolved-entity-key,Wallace Stevens
L_68485.xml,unresolved-entity-key,William Carlos Williams
L_68485.xml,unresolved-entity-key,Amy Lowell
L_68485.xml,unresolved-entity-key,Carl Sandburg
L_68485.xml,unresolved-entity-key,Chamber Music
L_68485.xml,unresolved-entity-key,Chicago Daily News
L_68485.xml,unresolved-entity-key,James Joyce Quarterly
L_68485.xml,unresolved-entity-key,Pound/
L_68485.xml,unresolved-entity-key,: The Letters of Ezra Pound to Margaret Anderson:
L_68485.xml,unresolved-entity-key,Correspondence
L_68485.xml,unresolved-entity-key,The Odyssey
L_68485.xml,unresolved-entity-key,Hamlet
L_68485.xml,unresolved-entity-key,The Odyssey
L_68485.xml,unresolved-entity-key,Pound/Joyce
L_68485.xml,unresolved-entity-key,Mercure de France
L_68485.xml,unresolved-entity-key,Mercure
L_68485.xml,unresolved-entity-key,Times Literary Supplement
L_68485.xml,unresolved-entity-key,Regent Theatre
L_68485.xml,unresolved-entity-key,W.G. Fay
L_68485.xml,unresolved-entity-key,Maja Maag
L_68485.xml,unresolved-entity-key,LI
L_68485.xml,unresolved-entity-key,Ove Brusendorff
L_68485.xml,unresolved-entity-key,LI
L_68485.xml,unresolved-entity-key,Englische Moderne Malerei
L_68485.xml,unresolved-entity-key,the Contemporary Arts Society
L_68485.xml,unresolved-entity-key,the Zurich Kunsthaus
L_68485.xml,unresolved-entity-key,Vanessa Bell
L_68485.xml,unresolved-entity-key,Max Beerbohm
L_68485.xml,unresolved-entity-key,Frederick Etchells
L_68485.xml,unresolved-entity-key,Roger Fry
L_68485.xml,unresolved-entity-key,Duncan Grant
L_68485.xml,unresolved-entity-key,Paul Nash
L_68485.xml,unresolved-entity-key,Will Rothenstein
L_68485.xml,unresolved-entity-key,Walter Sickert
L_68485.xml,unresolved-entity-key,Horace Taylor
L_68485.xml,unresolved-entity-key,Ausstellung 8. - 28. August 1918
L_68485.xml,unresolved-entity-key,the Ministry of Information
L_68485.xml,unresolved-entity-key,James Joyce and the Making of Ulysses
L_68485.xml,unresolved-entity-key,JJ
L_68485.xml,unresolved-entity-key,Victoria and Albert Museum
L_68485.xml,unresolved-entity-key,the Egoist Ltd.
L_68485.xml,unresolved-entity-key,Alfred A. Knopf
L_68485.xml,unresolved-entity-key,LII
L_68485.xml,unresolved-entity-key,Neue Zürcher Zeitung
L_68485.xml,unresolved-entity-key,Zürcher Post
L_68485.xml,unresolved-entity-key,LI
L_68485.xml,unresolved-entity-key,LII
L_68485.xml,unresolved-entity-key,LII
L_68496.xml,unresolved-entity-key,Miss Maag
L_68496.xml,unresolved-entity-key,Pound/Joyce
L_68496.xml,unresolved-entity-key,Ulysses
L_68496.xml,unresolved-entity-key,The Little Review
L_68496.xml,unresolved-entity-key,the Egoist Ltd.
L_68496.xml,unresolved-entity-key,A Bibliography of James Joyce
L_68496.xml,unresolved-entity-key,The Future
L_68496.xml,unresolved-entity-key,LII
L_68496.xml,unresolved-entity-key,Verbannte
L_68496.xml,unresolved-entity-key,Regent Theatre
L_68496.xml,unresolved-entity-key,W.G. Fay
L_68496.xml,unresolved-entity-key,The Cornell Joyce Collection: A Catalogue
L_68496.xml,unresolved-entity-key,the Army Nursing Corps
L_68496.xml,unresolved-entity-key,Theodore Dreiser
L_68496.xml,unresolved-entity-key,Joyce’s Non-Fiction Writings: “Outside His Jurisfiction”
L_68496.xml,unresolved-entity-key,In Defense of Marion: The Love of Marion Bloom and H.L. Mencken
L_68496.xml,unresolved-entity-key,Action: Cahiers de philosophie et d’art
L_68496.xml,unresolved-entity-key,LI
L_68496.xml,unresolved-entity-key,The Cornell Joyce Collection
L_68496.xml,unresolved-entity-key,LII
L_68496.xml,unresolved-entity-key,LI
L_68496.xml,unresolved-entity-key,Action
L_68496.xml,unresolved-entity-key,Dedalus
L_68496.xml,unresolved-entity-key,Mercure de France
L_68496.xml,unresolved-entity-key,Mercure de France
L_68496.xml,unresolved-entity-key,J.M. Synge
L_68496.xml,unresolved-entity-key,LI
L_68496.xml,unresolved-entity-key,Esuli
L_68496.xml,unresolved-entity-key,Il Convegno
L_68496.xml,unresolved-entity-key,LI
L_68496.xml,unresolved-entity-key,Ove Brusendorff
L_68496.xml,unresolved-entity-key,JJ
L_68496.xml,unresolved-entity-key,Pound/Joyce
L_68496.xml,unresolved-entity-key,The Cornell Joyce Collection
L_68496.xml,unresolved-entity-key,Dorothy Richardson
L_68496.xml,unresolved-entity-key,Close-Up
L_68496.xml,unresolved-entity-key,James Joyce Quarterly
L_68503.xml,unresolved-entity-key,Extracts from Continental Press Notices of A Portrait of the Artist as a Young M
L_68504.xml,unresolved-entity-key,Pound/Joyce
L_68504.xml,unresolved-entity-key,Odyssey
L_68504.xml,unresolved-entity-key,Pound/Joyce
L_68504.xml,unresolved-entity-key,Ulysses in Progress
L_68504.xml,unresolved-entity-key,Pound/
L_68504.xml,unresolved-entity-key,: The Letters of Ezra Pound to Margaret Anderson:
L_68504.xml,unresolved-entity-key,Correspondence
L_68504.xml,unresolved-entity-key,The Selected Letters of Ezra Pound to John Quinn
L_68504.xml,unresolved-entity-key,Pound/
L_68504.xml,unresolved-entity-key,Pound/Joyce
L_68504.xml,unresolved-entity-key,Two Worlds Monthly
L_68504.xml,unresolved-entity-key,"Without Copyrights: Piracy, Publishing, and the Public Domain"
L_68504.xml,unresolved-entity-key,Pound/Joyce
L_68504.xml,unresolved-entity-key,Pound/Joyce
L_68504.xml,unresolved-entity-key,Pound/Joyce
L_68504.xml,unresolved-entity-key,Olivia Shakespear
L_68504.xml,unresolved-entity-key,Pound/Joyce
L_68504.xml,unresolved-entity-key,The Odyssey
L_68504.xml,unresolved-entity-key,Shakespeare
L_68504.xml,unresolved-entity-key,the National Library
L_68504.xml,unresolved-entity-key,Hamlet
L_68504.xml,unresolved-entity-key,Pound/Joyce
L_68504.xml,unresolved-entity-key,Pound/Joyce
L_68504.xml,unresolved-entity-key,Instigations
L_68518.xml,unresolved-entity-key,de Gourmont
L_68518.xml,unresolved-entity-key,Oscar Wilde
L_68518.xml,unresolved-entity-key,the British Consulate
L_68518.xml,unresolved-entity-key,LII
L_68518.xml,unresolved-entity-key,LII
L_68518.xml,unresolved-entity-key,LII
L_68518.xml,unresolved-entity-key,LII
L_68518.xml,unresolved-entity-key,"James Sibley Watson, Jr."
L_68518.xml,unresolved-entity-key,LI
L_68518.xml,unresolved-entity-key,JJ
L_68518.xml,unresolved-entity-key,James Joyce Quarterly
L_68518.xml,unresolved-entity-key,James Joyce Online Notes
L_68518.xml,unresolved-entity-key,Augustine Birrell
L_68518.xml,unresolved-entity-key,Pound/Joyce
L_68518.xml,unresolved-entity-key,LII
L_68518.xml,unresolved-entity-key,Flaubert
L_68518.xml,unresolved-entity-key,LII
L_68518.xml,unresolved-entity-key,Pound/Joyce
L_68518.xml,unresolved-entity-key,Seán Thomas O’Kelly
L_68518.xml,unresolved-entity-key,Charles Stewart Parnell
L_68518.xml,unresolved-entity-key,JJ
L_68518.xml,unresolved-entity-key,Frederic Manning
L_68518.xml,unresolved-entity-key,Poor Richard’s Almanack
L_68518.xml,unresolved-entity-key,JJ
L_68518.xml,unresolved-entity-key,JJ
L_68518.xml,unresolved-entity-key,The Little Review
L_68518.xml,unresolved-entity-key,JJ
L_68518.xml,unresolved-entity-key,Verbannte
L_68518.xml,unresolved-entity-key,Neue Zürcher Zeitung
L_68518.xml,unresolved-entity-key,Verbannte: Schauspiel in drei Akten
L_68518.xml,unresolved-entity-key,Verbannte
L_68518.xml,unresolved-entity-key,A Bibliography of James Joyce
L_68518.xml,unresolved-entity-key,Esuli
L_68518.xml,unresolved-entity-key,Il Convegno
L_68553.xml,unresolved-entity-key,LI
L_68553.xml,unresolved-entity-key,The Selected Letters of Ezra Pound 1907-1941
L_68553.xml,unresolved-entity-key,The Odyssey
L_68553.xml,unresolved-entity-key,Pound/Joyce
L_68553.xml,unresolved-entity-key,JJ
L_68553.xml,unresolved-entity-key,Bulletin of Research in the Humanities
L_68553.xml,unresolved-entity-key,"The Selected Letters of Ezra Pound to John Quinn, 1915-1924"
L_68553.xml,unresolved-entity-key,Pound/Joyce
L_68553.xml,unresolved-entity-key,James Joyce Quarterly
L_68553.xml,unresolved-entity-key,Studies in Bibliography
L_68553.xml,unresolved-entity-key,LII
L_68553.xml,unresolved-entity-key,"The Selected Letters of Ezra Pound to John Quinn, 1915-1924"
L_68553.xml,unresolved-entity-key,LII
L_68553.xml,unresolved-entity-key,LI
L_68553.xml,unresolved-entity-key,The Odyssey
L_68557.xml,unresolved-entity-key,the Egoist Press
L_68557.xml,unresolved-entity-key,Ezra Pound: A Bibliography
L_68557.xml,unresolved-entity-key,Homage to Sextus Propertius
L_68557.xml,unresolved-entity-key,"Ezra Pound: Poet, A Portrait of the Man and his Work"
L_68557.xml,unresolved-entity-key,Verbannte: Schauspiel in drei Akten
L_68557.xml,unresolved-entity-key,Bulletin of Research in the Humanities
L_68557.xml,unresolved-entity-key,LI
L_68557.xml,unresolved-entity-key,LII
L_68557.xml,unresolved-entity-key,Pound/Joyce
L_68562.xml,unresolved-entity-key,Benezit Dictionary of Artists
L_68571.xml,unresolved-entity-key,Otello
L_68571.xml,unresolved-entity-key,Forza del destino
L_68571.xml,unresolved-entity-key,Tosca
L_68571.xml,unresolved-entity-key,"Edoardo Marchioro: Pittore, scenografo del Teatro alla Scala"
L_68571.xml,unresolved-entity-key,"Edoardo Marchioro, pittore e scenografo della Scala"
L_68575.xml,unresolved-entity-key,Benezit Dictionary of Artists
L_68575.xml,unresolved-entity-key,Ezra Pound to his Parents: Letters 1885-1929
L_68575.xml,unresolved-entity-key,JJ
L_68575.xml,unresolved-entity-key,LI
L_68575.xml,unresolved-entity-key,Pound/Joyce
L_68575.xml,unresolved-entity-key,Pound/Joyce
L_68575.xml,unresolved-entity-key,"The Selected Letters of Ezra Pound to John Quinn, 1915-1924"
L_68575.xml,unresolved-entity-key,LI
L_68575.xml,unresolved-entity-key,The Odyssey
L_68575.xml,unresolved-entity-key,Pound/Joyce
L_68576.xml,unresolved-entity-key,JJJMU
L_68594.xml,unresolved-entity-key,Friuli
L_68602.xml,unresolved-entity-key,Pound/Joyce
L_68602.xml,unresolved-entity-key,Pound/Joyce
L_68602.xml,unresolved-entity-key,Pound/Joyce
L_68602.xml,unresolved-entity-key,Pound/Joyce
L_68602.xml,unresolved-entity-key,Pound/Joyce
L_68602.xml,unresolved-entity-key,Cantos
L_68602.xml,unresolved-entity-key,Personae: The Shorter Poems
L_68602.xml,unresolved-entity-key,Pound/Joyce
L_68602.xml,unresolved-entity-key,Pound/Joyce
L_68602.xml,unresolved-entity-key,LIII
L_68602.xml,unresolved-entity-key,Pomes Penyeach
L_68602.xml,unresolved-entity-key,"Ezra Pound: Poet, A Portrait of the Man and his Work"
L_68602.xml,unresolved-entity-key,The Waste Land
L_68602.xml,unresolved-entity-key,Pound/Joyce
L_68602.xml,unresolved-entity-key,James Joyce and Censorship: The Trials of
L_68602.xml,unresolved-entity-key,Poesia
L_68602.xml,unresolved-entity-key,Poetry
L_68602.xml,unresolved-entity-key,Poesia
L_68602.xml,unresolved-entity-key,Poesia
L_68602.xml,unresolved-entity-key,Il Convegno
L_68602.xml,unresolved-entity-key,Poesia
L_68602.xml,unresolved-entity-key,Pomes Penyeach
L_68602.xml,unresolved-entity-key,LI
L_68602.xml,unresolved-entity-key,Esuli
L_68602.xml,unresolved-entity-key,Il Convegno
L_68602.xml,unresolved-entity-key,Il Convegno
L_68602.xml,unresolved-entity-key,Pound/Joyce
L_68602.xml,unresolved-entity-key,LII
L_68602.xml,unresolved-entity-key,Il Convegno: Rivista di letteratura e di arte
L_68602.xml,unresolved-entity-key,Enzo Ferrieri
L_68602.xml,unresolved-entity-key,Poesia
L_68602.xml,unresolved-entity-key,Il Convegno
L_68602.xml,unresolved-entity-key,Poesia
L_68602.xml,unresolved-entity-key,"Little Magazine, World Form"
L_68602.xml,unresolved-entity-key,Il Piccolo della Sera
L_68602.xml,unresolved-entity-key,CW
L_68602.xml,unresolved-entity-key,Tarr
L_68602.xml,unresolved-entity-key,La Nazione della Domenica
L_68602.xml,unresolved-entity-key,Tarr
L_68602.xml,unresolved-entity-key,Tarr
L_68602.xml,unresolved-entity-key,Pound/Joyce
L_68602.xml,unresolved-entity-key,Pound/Joyce
L_68602.xml,unresolved-entity-key,Pound/Joyce
L_68602.xml,unresolved-entity-key,JJ
L_68602.xml,unresolved-entity-key,Pound/Joyce
L_68602.xml,unresolved-entity-key,Pound/Joyce
L_68605.xml,unresolved-entity-key,Ezra Pound to his Parents: Letters 1885-1929
L_68605.xml,unresolved-entity-key,Ulysses
L_68605.xml,unresolved-entity-key,Pound/Joyce
L_68605.xml,unresolved-entity-key,LII
L_68605.xml,unresolved-entity-key,Pound/Joyce
L_68605.xml,unresolved-entity-key,Pound/Joyce
L_68605.xml,unresolved-entity-key,Pound/Joyce
L_68605.xml,unresolved-entity-key,LI
L_68605.xml,unresolved-entity-key,Pound/Joyce
L_68605.xml,unresolved-entity-key,"The Selected Letters of Ezra Pound to John Quinn, 1915-1924"
L_68605.xml,unresolved-entity-key,The Dial
L_68605.xml,unresolved-entity-key,The Little Review
L_68605.xml,unresolved-entity-key,The Egoist
L_68605.xml,unresolved-entity-key,The New Age
L_68605.xml,unresolved-entity-key,The Dial
L_68605.xml,unresolved-entity-key,Times Literary Supplement
L_68605.xml,unresolved-entity-key,Ezra Pound to his Parents: Letters
L_68605.xml,unresolved-entity-key,The New Age
L_68607.xml,unresolved-entity-key,Pound/Joyce
L_68607.xml,unresolved-entity-key,LII
L_68607.xml,unresolved-entity-key,LII
L_68607.xml,unresolved-entity-key,SL
L_68607.xml,unresolved-entity-key,Pound/Joyce
L_68607.xml,unresolved-entity-key,Pound/Joyce
L_68607.xml,unresolved-entity-key,Pound/Joyce
L_68607.xml,unresolved-entity-key,"The Selected Letters of Ezra Pound to John Quinn, 1915-1924"
L_68607.xml,unresolved-entity-key,The Letters of T.S. Eliot
L_68607.xml,unresolved-entity-key,A Serious Character: The Life of Ezra Pound
L_68611.xml,unresolved-entity-key,your friend
L_68611.xml,unresolved-entity-key,Pound/Joyce
L_68611.xml,unresolved-entity-key,Pound/Joyce
L_68611.xml,unresolved-entity-key,Pound/Joyce
L_68611.xml,unresolved-entity-key,Pound/Joyce
L_68611.xml,unresolved-entity-key,"The Selected Letters of Ezra Pound to John Quinn, 1915-1924"
L_68611.xml,unresolved-entity-key,Pound/Joyce
L_68611.xml,unresolved-entity-key,LI
L_68611.xml,unresolved-entity-key,Pound/Joyce
L_68611.xml,unresolved-entity-key,JJ
L_68611.xml,unresolved-entity-key,Lucia Joyce: To Dance in the Wake
L_68611.xml,unresolved-entity-key,JJ
L_68611.xml,unresolved-entity-key,Pound/Joyce
L_68611.xml,unresolved-entity-key,Ulysses
L_68611.xml,unresolved-entity-key,Pound/Joyce
L_68611.xml,unresolved-entity-key,JJ
L_68611.xml,unresolved-entity-key,New York Herald
L_68611.xml,unresolved-entity-key,A Serious Character: The Life of Ezra Pound
L_68611.xml,unresolved-entity-key,Hugh Selwyn Mauberley
L_68611.xml,unresolved-entity-key,Homage to Sextus Propertius
L_68611.xml,unresolved-entity-key,Pound/Joyce
L_68611.xml,unresolved-entity-key,Ulysses
L_68611.xml,unresolved-entity-key,The Odyssey
L_68611.xml,unresolved-entity-key,The Little Review
L_68611.xml,unresolved-entity-key,Ulysses
L_68611.xml,unresolved-entity-key,Ulysses
L_68611.xml,unresolved-entity-key,Ulysses
L_68611.xml,unresolved-entity-key,The Odyssey
L_68611.xml,unresolved-entity-key,Ulysses
L_68611.xml,unresolved-entity-key,The Little Review
L_68611.xml,unresolved-entity-key,Ulysses
L_68611.xml,unresolved-entity-key,The Little Review
L_68611.xml,unresolved-entity-key,The Egoist
L_68611.xml,unresolved-entity-key,Ulysses
L_68611.xml,unresolved-entity-key,Pound/Joyce
L_68611.xml,unresolved-entity-key,Poesia
L_68611.xml,unresolved-entity-key,Il Convegno
L_68611.xml,unresolved-entity-key,Exiles
L_68611.xml,unresolved-entity-key,Esuli
L_68611.xml,unresolved-entity-key,Il Convegno
L_68611.xml,unresolved-entity-key,Il Convegno
L_68611.xml,unresolved-entity-key,Ulysses
L_68611.xml,unresolved-entity-key,Pound/Joyce
L_68611.xml,unresolved-entity-key,LII
L_68611.xml,unresolved-entity-key,Pound/Joyce
L_68611.xml,unresolved-entity-key,Pound/Joyce
L_68611.xml,unresolved-entity-key,Pound/Joyce
L_68611.xml,unresolved-entity-key,The Dial
L_68611.xml,unresolved-entity-key,Athenaeum
L_68611.xml,unresolved-entity-key,Pound/Joyce
L_68611.xml,unresolved-entity-key,A Serious Character
L_68611.xml,unresolved-entity-key,The Odyssey
L_68611.xml,unresolved-entity-key,U
L_68611.xml,unresolved-entity-key,Elegia di Madonna Fiammetta
L_68611.xml,unresolved-entity-key,La Fiammetta
L_68611.xml,unresolved-entity-key,JJ
L_68611.xml,unresolved-entity-key,Pound/Joyce
L_68611.xml,unresolved-entity-key,Poeti d’Oggi [1900-1925]
L_68611.xml,unresolved-entity-key,Pound/Joyce
L_68611.xml,unresolved-entity-key,JJ
L_68611.xml,unresolved-entity-key,Pound/Joyce
L_68611.xml,unresolved-entity-key,Pound/Joyce
L_68612.xml,unresolved-entity-key,LII
L_68612.xml,unresolved-entity-key,Pound/Joyce
L_68613.xml,unresolved-entity-key,Pound/Joyce
L_68613.xml,unresolved-entity-key,Pound/Joyce
L_68613.xml,unresolved-entity-key,SL
L_68628.xml,unresolved-entity-key,an American
L_68628.xml,unresolved-entity-key,LIII
L_68628.xml,unresolved-entity-key,Institutions of Modernism: Literary Elites and Public Culture
L_68628.xml,unresolved-entity-key,Pound/Joyce
L_68628.xml,unresolved-entity-key,Paris and its Environs
L_68628.xml,unresolved-entity-key,Ulysses
L_68628.xml,unresolved-entity-key,Bulletin of Research in the Humanities
L_68628.xml,unresolved-entity-key,Pound/Joyce
L_68628.xml,unresolved-entity-key,New York Herald
L_68628.xml,unresolved-entity-key,College Literature
L_68628.xml,unresolved-entity-key,U
L_68628.xml,unresolved-entity-key,LIII
L_68628.xml,unresolved-entity-key,James Joyce Quarterly
L_68628.xml,unresolved-entity-key,Hugh Selwyn Mauberley
L_68628.xml,unresolved-entity-key,Institutions of Modernism
L_68628.xml,unresolved-entity-key,LIII
L_68628.xml,unresolved-entity-key,Pound/Joyce
L_68628.xml,unresolved-entity-key,Institutions of Modernism
L_68628.xml,unresolved-entity-key,JJ
L_68628.xml,unresolved-entity-key,LI
L_68628.xml,unresolved-entity-key,LIII
L_68631.xml,unresolved-entity-key,JJ
L_68631.xml,unresolved-entity-key,LI
L_68631.xml,unresolved-entity-key,Dedalus; Portrait de l’artiste jeune par lui-même
L_68631.xml,unresolved-entity-key,James Joyce Quarterly
L_68631.xml,unresolved-entity-key,Studies in Bibliography
L_68631.xml,unresolved-entity-key,LII
L_68631.xml,unresolved-entity-key,Pound/Joyce
L_68631.xml,unresolved-entity-key,LI
L_68631.xml,unresolved-entity-key,Pound/Joyce
L_68631.xml,unresolved-entity-key,A Portrait
L_68631.xml,unresolved-entity-key,Les Exilés
L_68631.xml,unresolved-entity-key,JJ
L_68631.xml,unresolved-entity-key,Pound/Joyce
L_68631.xml,unresolved-entity-key,LI
L_68631.xml,unresolved-entity-key,Studies in Bibliography
L_68631.xml,unresolved-entity-key,LIII
L_68631.xml,unresolved-entity-key,Pound/Joyce
L_68631.xml,unresolved-entity-key,Bulletin of Research in the Humanities
L_68631.xml,unresolved-entity-key,JJ
L_68631.xml,unresolved-entity-key,The Autobiography of Alice B. Toklas
L_68631.xml,unresolved-entity-key,Selected Writings of Gertrude Stein
L_68640.xml,unresolved-entity-key,LIII
L_68640.xml,unresolved-entity-key,JJ
L_68640.xml,unresolved-entity-key,Ann Veronica: A Modern Love Story
L_68640.xml,unresolved-entity-key,Pomes Penyeach
L_68640.xml,unresolved-entity-key,James Joyce Quarterly
L_68640.xml,unresolved-entity-key,LI
L_68640.xml,unresolved-entity-key,Le Petit Parisien
L_68640.xml,unresolved-entity-key,LIII
L_68640.xml,unresolved-entity-key,LI
L_68640.xml,unresolved-entity-key,JJ
L_68640.xml,unresolved-entity-key,"The Selected Letters of Ezra Pound to John Quinn, 1915-1924"
L_68640.xml,unresolved-entity-key,LII
L_68640.xml,unresolved-entity-key,LIII
L_68640.xml,unresolved-entity-key,LIII
L_68640.xml,unresolved-entity-key,Dictionary of Banking: A Concise Encyclopædia of Banking Law and Practice
L_68640.xml,unresolved-entity-key,The Odyssey
L_68643.xml,unresolved-entity-key,vieux monsieur
L_68643.xml,unresolved-entity-key,James Joyce Quarterly
L_68643.xml,unresolved-entity-key,Blasting and Bombardiering
L_68643.xml,unresolved-entity-key,LI
L_68643.xml,unresolved-entity-key,Pound/Joyce
L_68643.xml,unresolved-entity-key,Modernism and the Law
L_68643.xml,unresolved-entity-key,Bulletin of Research in the Humanities
L_68643.xml,unresolved-entity-key,John Butler Yeats
L_68643.xml,unresolved-entity-key,Pound/Joyce
L_68643.xml,unresolved-entity-key,LI
L_68643.xml,unresolved-entity-key,"James Sibley Watson, Jr."
L_68643.xml,unresolved-entity-key,"Ezra Pound: Poet, A Portrait of the Man and his Work"
L_68643.xml,unresolved-entity-key,Pomes Penyeach
L_68643.xml,unresolved-entity-key,The Letters of T.S. Eliot
L_68643.xml,unresolved-entity-key,Blasting and Bombardiering
L_68643.xml,unresolved-entity-key,JJ
L_68645.xml,unresolved-entity-key,The Letters of T.S. Eliot
L_68645.xml,unresolved-entity-key,Le Petit Parisien
L_68645.xml,unresolved-entity-key,"The Selected Letters of Ezra Pound to John Quinn, 1915-1924"
L_68645.xml,unresolved-entity-key,Mon chant de guerre
L_68645.xml,unresolved-entity-key,The Letters of T.S. Eliot
L_68645.xml,unresolved-entity-key,Les Exilés
L_68645.xml,unresolved-entity-key,JJ
L_68645.xml,unresolved-entity-key,JJ
L_68645.xml,unresolved-entity-key,LI
L_68645.xml,unresolved-entity-key,Shakespeare and Company
L_68645.xml,unresolved-entity-key,JJ
L_68645.xml,unresolved-entity-key,Belphégor: essai sur l'esthétique de la présente société française
L_68645.xml,unresolved-entity-key,Selected Letters of Ezra Pound to John Quinn
L_68645.xml,unresolved-entity-key,La Trahison des Clercs
L_68645.xml,unresolved-entity-key,The Great Betrayal
L_68645.xml,unresolved-entity-key,Mercure de France
L_68645.xml,unresolved-entity-key,Mercure
L_68645.xml,unresolved-entity-key,LIII
L_68645.xml,unresolved-entity-key,Mercure
L_68645.xml,unresolved-entity-key,LIII
L_68645.xml,unresolved-entity-key,Mercure de France
L_68645.xml,unresolved-entity-key,Ezra Pound to His Parents: Letters 1895-1929
L_68645.xml,unresolved-entity-key,Hugh Selwyn Mauberley
L_68645.xml,unresolved-entity-key,Les Lauriers sont coupés
L_68645.xml,unresolved-entity-key,LI
L_68645.xml,unresolved-entity-key,Les Lauriers sont coupés
L_68645.xml,unresolved-entity-key,We’ll to the Woods No More
L_68645.xml,unresolved-entity-key,JJ
L_68645.xml,unresolved-entity-key,Le Sang Nouveau
L_68645.xml,unresolved-entity-key,LII
L_68645.xml,unresolved-entity-key,Pound/Joyce
L_68645.xml,unresolved-entity-key,LII
L_68645.xml,unresolved-entity-key,LIII
L_68645.xml,unresolved-entity-key,Des Imagistes
L_68645.xml,unresolved-entity-key,English Review
L_68645.xml,unresolved-entity-key,Joyce Studies Annual
L_68645.xml,unresolved-entity-key,Dedalus; Portrait de l’artiste jeune par lui-même
L_68645.xml,unresolved-entity-key,Pilgrimage
L_68645.xml,unresolved-entity-key,College English
L_68645.xml,unresolved-entity-key,Ett porträtt av konstnären som ung
L_68645.xml,unresolved-entity-key,El Artista Adolescente (Retrato)
L_68645.xml,unresolved-entity-key,LIII
L_68645.xml,unresolved-entity-key,LIII
L_68645.xml,unresolved-entity-key,The New Criterion
L_68645.xml,unresolved-entity-key,JJ
L_68645.xml,unresolved-entity-key,Don Giovanni
L_68656.xml,unresolved-entity-key,LI
L_68656.xml,unresolved-entity-key,James Joyce and the Making of Ulysses
L_68656.xml,unresolved-entity-key,JJ
L_68656.xml,unresolved-entity-key,LIII
L_68656.xml,unresolved-entity-key,Bits of Fun
L_68656.xml,unresolved-entity-key,LI
L_68656.xml,unresolved-entity-key,LI
L_68656.xml,unresolved-entity-key,Communist Manifesto
L_68656.xml,unresolved-entity-key,Myselves When Young
L_68656.xml,unresolved-entity-key,James Joyce and the Making of Ulysses
L_68658.xml,unresolved-entity-key,JJ
L_68658.xml,unresolved-entity-key,Le Voile du bonheur
L_68658.xml,unresolved-entity-key,The Veil of Happiness
L_68658.xml,unresolved-entity-key,LIII
L_68658.xml,unresolved-entity-key,The Veil of Illusion
L_68658.xml,unresolved-entity-key,A Caprice
L_68658.xml,unresolved-entity-key,Manchester Guardian
L_68658.xml,unresolved-entity-key,Ulysses
L_68658.xml,unresolved-entity-key,LI
L_68658.xml,unresolved-entity-key,LII
L_68658.xml,unresolved-entity-key,LII
L_68658.xml,unresolved-entity-key,U
L_68658.xml,unresolved-entity-key,Hamlet
L_68658.xml,unresolved-entity-key,Hamlet ou le Distrait
L_68671.xml,unresolved-entity-key,Bulletin of Research in the Humanities
L_68671.xml,unresolved-entity-key,LI
L_68671.xml,unresolved-entity-key,LI
L_68671.xml,unresolved-entity-key,LIII
L_68671.xml,unresolved-entity-key,James Joyce Quarterly
L_68671.xml,unresolved-entity-key,Studies in Bibliography
L_68671.xml,unresolved-entity-key,LIII
L_68671.xml,unresolved-entity-key,LI
L_68671.xml,unresolved-entity-key,LIII
L_68671.xml,unresolved-entity-key,LI
L_68671.xml,unresolved-entity-key,LIII
L_68671.xml,unresolved-entity-key,A Story-Teller’s Holiday
L_68671.xml,unresolved-entity-key,JJ
L_68671.xml,unresolved-entity-key,Action: Cahiers de philosophie et d’art
L_68671.xml,unresolved-entity-key,LI
L_68671.xml,unresolved-entity-key,The Cornell Joyce Collection
L_68671.xml,unresolved-entity-key,LII
L_68671.xml,unresolved-entity-key,LI
L_68671.xml,unresolved-entity-key,Action
L_68671.xml,unresolved-entity-key,Dedalus; Portrait de l’artiste jeune par lui-même
L_68671.xml,unresolved-entity-key,Mercure de France
L_68671.xml,unresolved-entity-key,Mercure
L_68671.xml,unresolved-entity-key,LIII
L_68671.xml,unresolved-entity-key,JJ
L_68671.xml,unresolved-entity-key,Mercure de France
L_68671.xml,unresolved-entity-key,Nouveau Petit Larousse
L_68671.xml,unresolved-entity-key,Franziska: Ein Modernes Mysterium
L_68671.xml,unresolved-entity-key,Ausgewählte Werke
L_68671.xml,unresolved-entity-key,LIII
L_68671.xml,unresolved-entity-key,LIII
L_68671.xml,unresolved-entity-key,LIII
L_68671.xml,unresolved-entity-key,Ulysses
L_68671.xml,unresolved-entity-key,James Joyce and Censorship: The Trials of
L_68671.xml,unresolved-entity-key,Pomes Penyeach
L_68671.xml,unresolved-entity-key,The Letters of T.S. Eliot
L_68671.xml,unresolved-entity-key,Le Petit Parisien
L_68671.xml,unresolved-entity-key,La Nouvelle Revue Française
L_68671.xml,unresolved-entity-key,Les Caves du Vatican
L_68671.xml,unresolved-entity-key,Ulysse
L_68671.xml,unresolved-entity-key,JJ
L_68671.xml,unresolved-entity-key,Dictionary of Phrase and Fable
L_68671.xml,unresolved-entity-key,The Boy’s Own Paper
L_68671.xml,unresolved-entity-key,Cyclopædia of English Literature
L_68671.xml,unresolved-entity-key,LIII
L_68671.xml,unresolved-entity-key,T.S. Eliot: A Life
L_68674.xml,unresolved-entity-key,Mlle Serruys’ sister’s husband
L_68674.xml,unresolved-entity-key,wife
L_68674.xml,unresolved-entity-key,LIII
L_68674.xml,unresolved-entity-key,Ulysses
L_68674.xml,unresolved-entity-key,James Joyce Quarterly
L_68674.xml,unresolved-entity-key,A Portrait of the Artist as a Young Man
L_68674.xml,unresolved-entity-key,Action: Cahiers de philosophie et d’art
L_68674.xml,unresolved-entity-key,LI
L_68674.xml,unresolved-entity-key,The Cornell Joyce Collection
L_68674.xml,unresolved-entity-key,LII
L_68674.xml,unresolved-entity-key,LI
L_68674.xml,unresolved-entity-key,Action
L_68674.xml,unresolved-entity-key,Dedalus; Portrait de l’artiste jeune par lui-même
L_68674.xml,unresolved-entity-key,A Portrait of the Artist as a Young Man
L_68674.xml,unresolved-entity-key,Mercure de France
L_68674.xml,unresolved-entity-key,Mercure
L_68674.xml,unresolved-entity-key,LIII
L_68674.xml,unresolved-entity-key,Mercure
L_68674.xml,unresolved-entity-key,LIII
L_68674.xml,unresolved-entity-key,A Portrait
L_68674.xml,unresolved-entity-key,Exiles
L_68674.xml,unresolved-entity-key,Mercure de France
L_68674.xml,unresolved-entity-key,JJ
L_68674.xml,unresolved-entity-key,Mercure de France
L_68674.xml,unresolved-entity-key,Mercure
L_68674.xml,unresolved-entity-key,A Portrait of the Artist as a Young Man
L_68674.xml,unresolved-entity-key,Joyce Studies Annual
L_68674.xml,unresolved-entity-key,JJ
L_68674.xml,unresolved-entity-key,Exiles
L_68674.xml,unresolved-entity-key,A Portrait of the Artist as a Young Man
L_68674.xml,unresolved-entity-key,A Portrait
L_68674.xml,unresolved-entity-key,A Portrait
L_68674.xml,unresolved-entity-key,Exiles
L_68674.xml,unresolved-entity-key,Les Exilés
L_68674.xml,unresolved-entity-key,Ulysses
L_68674.xml,unresolved-entity-key,JJ
L_68674.xml,unresolved-entity-key,Mercure de France
L_68674.xml,unresolved-entity-key,Mercure
L_68674.xml,unresolved-entity-key,"The Selected Letters of Ezra Pound to John Quinn, 1915-1924"
L_68674.xml,unresolved-entity-key,Mercure
L_68674.xml,unresolved-entity-key,A Portrait
L_68674.xml,unresolved-entity-key,A Portrait
L_68674.xml,unresolved-entity-key,Mercure de France
L_68674.xml,unresolved-entity-key,Exiles
L_68674.xml,unresolved-entity-key,Exiles
L_68674.xml,unresolved-entity-key,Exiles
L_68674.xml,unresolved-entity-key,JJ
L_68674.xml,unresolved-entity-key,Exiles
L_68674.xml,unresolved-entity-key,JJ
L_68674.xml,unresolved-entity-key,LIII
L_68674.xml,unresolved-entity-key,Ulysses
L_68674.xml,unresolved-entity-key,Bulletin of Research in the Humanities
L_68674.xml,unresolved-entity-key,LI
L_68674.xml,unresolved-entity-key,LI
L_68674.xml,unresolved-entity-key,LIII
L_68674.xml,unresolved-entity-key,Ulysses
L_68674.xml,unresolved-entity-key,Ulysses
L_68674.xml,unresolved-entity-key,The Little Review
L_68674.xml,unresolved-entity-key,The Little Review
L_68674.xml,unresolved-entity-key,James Joyce and Censorship: The Trials of
L_68674.xml,unresolved-entity-key,LIII
L_68674.xml,unresolved-entity-key,Coloured Stars: Versions of Fifty Asiatic Love Poems
L_68674.xml,unresolved-entity-key,Black Marigolds
L_68674.xml,unresolved-entity-key,The Garden of Bright Waters: One Hundred and Twenty Asiatic Love Poems
L_68674.xml,unresolved-entity-key,The Dial
L_68674.xml,unresolved-entity-key,The Book of the Thousand Nights and One Night
L_68674.xml,unresolved-entity-key,The Eastern Anthology
L_68674.xml,unresolved-entity-key,Observer
L_68674.xml,unresolved-entity-key,ABC of Reading
L_68674.xml,unresolved-entity-key,Two Worlds Monthly
L_68674.xml,unresolved-entity-key,Ezra and Dorothy Pound: Letters in Captivity
L_68674.xml,unresolved-entity-key,Ezra Pound to His Parents: Letters 1895-1929
L_68674.xml,unresolved-entity-key,Le Petit Parisien
L_68674.xml,unresolved-entity-key,Exiles
L_68674.xml,unresolved-entity-key,The Autobiography of Alice B. Toklas
L_68674.xml,unresolved-entity-key,The Making of Americans
L_68674.xml,unresolved-entity-key,"Literary Agents in the Transatlantic Book Trade: American Fiction, French Rights"
L_68674.xml,unresolved-entity-key,Exiles
L_68674.xml,unresolved-entity-key,Dubliners
L_68674.xml,unresolved-entity-key,La Porte étroite
L_68674.xml,unresolved-entity-key,Strait is the Gate
L_68674.xml,unresolved-entity-key,La Symphonie pastorale
L_68674.xml,unresolved-entity-key,The Pastoral Symphony
L_68674.xml,unresolved-entity-key,Great Short Novels of the World
L_68674.xml,unresolved-entity-key,Littérature
L_68674.xml,unresolved-entity-key,Anna Livia Plurabelle
L_68674.xml,unresolved-entity-key,La Nouvelle Revue Française
L_68674.xml,unresolved-entity-key,LIII
L_68674.xml,unresolved-entity-key,Travesties
L_68674.xml,unresolved-entity-key,Ulysses
L_68674.xml,unresolved-entity-key,LIII
L_68674.xml,unresolved-entity-key,T.S. Eliot: A Life
L_68674.xml,unresolved-entity-key,Poesia
L_68674.xml,unresolved-entity-key,Poesia
L_68685.xml,unresolved-entity-key,LIII
L_68685.xml,unresolved-entity-key,Chamber Music
L_68685.xml,unresolved-entity-key,LIII
L_68685.xml,unresolved-entity-key,LIII
L_68685.xml,unresolved-entity-key,James Joyce and Censorship: The Trials of
L_68685.xml,unresolved-entity-key,The
L_68685.xml,unresolved-entity-key,Trials: Beauty and Truth Meet the Law
L_68685.xml,unresolved-entity-key,A Story-Teller’s Holiday
L_68685.xml,unresolved-entity-key,JJ
L_68685.xml,unresolved-entity-key,LIII
L_68685.xml,unresolved-entity-key,Letters
L_68685.xml,unresolved-entity-key,Bulletin of Research in the Humanities
L_68685.xml,unresolved-entity-key,Yale Law Journal
L_68685.xml,unresolved-entity-key,New-York Tribune
L_68685.xml,unresolved-entity-key,LIII
L_68685.xml,unresolved-entity-key,Ulysses
L_68685.xml,unresolved-entity-key,LI
L_68685.xml,unresolved-entity-key,LI
L_68685.xml,unresolved-entity-key,Chamber Music
L_68685.xml,unresolved-entity-key,"Without Copyrights: Piracy, Publishing, and the Public Domain"
L_68685.xml,unresolved-entity-key,James Joyce Quarterly
L_68685.xml,unresolved-entity-key,Two Worlds Monthly
L_68685.xml,unresolved-entity-key,Without Copyrights
L_68685.xml,unresolved-entity-key,"Forgotten Intellectual Property Lore: Creativity, Entrepreneurship and Intellect"
L_68690.xml,unresolved-entity-key,Miss Pointet
L_68690.xml,unresolved-entity-key,Emile Paul
L_68690.xml,unresolved-entity-key,LI
L_68690.xml,unresolved-entity-key,LIII
L_68690.xml,unresolved-entity-key,"The Selected Letters of Ezra Pound to John Quinn, 1915-1924"
L_68690.xml,unresolved-entity-key,Bulletin of Research in the Humanities
L_68690.xml,unresolved-entity-key,LIII
L_68690.xml,unresolved-entity-key,James Joyce Quarterly
L_68690.xml,unresolved-entity-key,Lieber’s Standard Telegraphic Code
L_68690.xml,unresolved-entity-key,The ABC Universal Commercial Electric Telegraphic Code
L_68690.xml,unresolved-entity-key,LIII
L_68690.xml,unresolved-entity-key,The Ship Owners’ Telegraphic Code
L_68690.xml,unresolved-entity-key,Selected Letters of Ezra Pound to John Quinn
L_68690.xml,unresolved-entity-key,James Joyce and Censorship: The Trials of
L_68690.xml,unresolved-entity-key,LIII
L_68690.xml,unresolved-entity-key,Action: Cahiers de philosophie et d’art
L_68690.xml,unresolved-entity-key,LI
L_68690.xml,unresolved-entity-key,The Cornell Joyce Collection
L_68690.xml,unresolved-entity-key,LII
L_68690.xml,unresolved-entity-key,LI
L_68690.xml,unresolved-entity-key,Action
L_68690.xml,unresolved-entity-key,Dedalus; Portrait de l’artiste jeune par lui-même
L_68690.xml,unresolved-entity-key,Mercure de France
L_68690.xml,unresolved-entity-key,Mercure de France
L_68690.xml,unresolved-entity-key,Les Écrits nouveaux
L_68690.xml,unresolved-entity-key,A Bibliography of James Joyce
L_68690.xml,unresolved-entity-key,The Odyssey
L_68690.xml,unresolved-entity-key,The Odyssey
L_68690.xml,unresolved-entity-key,The Cantos
L_68690.xml,unresolved-entity-key,Bulletin de la Société française de musicologie
L_68690.xml,unresolved-entity-key,Suspicious Readings of Joyce’s
L_68690.xml,unresolved-entity-key,Les Écrits nouveaux
L_68690.xml,unresolved-entity-key,LIII
L_68690.xml,unresolved-entity-key,L’Age heureux
L_68690.xml,unresolved-entity-key,L’Enfant truqué
L_68690.xml,unresolved-entity-key,LIII
L_68690.xml,unresolved-entity-key,JJ
L_68690.xml,unresolved-entity-key,Les Exilés
L_68690.xml,unresolved-entity-key,JJ
L_68690.xml,unresolved-entity-key,LI
L_68690.xml,unresolved-entity-key,"The Fair Carew; or, Husbands and Wives"
L_68690.xml,unresolved-entity-key,Reunion on Rocky Shores
L_68690.xml,unresolved-entity-key,LI
L_68690.xml,unresolved-entity-key,LIII
L_68690.xml,unresolved-entity-key,OED
L_68775.xml,unresolved-entity-key,LIII
L_68800.xml,unresolved-entity-key,LIII
L_68800.xml,unresolved-entity-key,LIII
L_68800.xml,unresolved-entity-key,LIII
L_68800.xml,unresolved-entity-key,LIII
L_68800.xml,unresolved-entity-key,Institutions of Modernism: Literary Elites and Public Culture
L_68800.xml,unresolved-entity-key,Maurice Darantiere
L_68800.xml,unresolved-entity-key,LIII
L_68800.xml,unresolved-entity-key,LI
L_68800.xml,unresolved-entity-key,Ezra Pound
L_68800.xml,unresolved-entity-key,Mercure de France
L_68800.xml,unresolved-entity-key,JJ
L_68807.xml,unresolved-entity-key,JJ
L_68807.xml,unresolved-entity-key,LI
L_68807.xml,unresolved-entity-key,The Odyssey
L_68807.xml,unresolved-entity-key,LI
L_68807.xml,unresolved-entity-key,LI
L_68807.xml,unresolved-entity-key,The Odyssey
L_68807.xml,unresolved-entity-key,in Progress
L_68841.xml,unresolved-entity-key,a Dublin newspaper
L_68841.xml,unresolved-entity-key,31 Nassau Street
L_68841.xml,unresolved-entity-key,Stockholm
L_68841.xml,unresolved-entity-key,La Maison des Amis des Livres
L_68841.xml,unresolved-entity-key,Nouvelle Revue Française
L_68843.xml,unresolved-entity-key,the draft
L_68843.xml,unresolved-entity-key,The Observer
L_68843.xml,unresolved-entity-key,Piazza Verdi 1
L_68851.xml,unresolved-entity-key,Ezra Pound to His Parents: Letters 1895-1929
L_68851.xml,unresolved-entity-key,JJ
L_68851.xml,unresolved-entity-key,Maurice Darantiere
L_68851.xml,unresolved-entity-key,JJ
L_68851.xml,unresolved-entity-key,A Bibliography of James Joyce
L_68851.xml,unresolved-entity-key,Institutions of Modernism: Literary Elites and Public Culture
L_68856.xml,unresolved-entity-key,Pendice di Scorcola
L_68857.xml,unresolved-entity-key,his father
L_68857.xml,unresolved-entity-key,Ezra Pound to His Parents: Letters 1895–1929
L_68857.xml,unresolved-entity-key,"The Selected Letters of Ezra Pound to John Quinn, 1915-1924"
L_68857.xml,unresolved-entity-key,Nouvelle Revue Française
L_68857.xml,unresolved-entity-key,Mercure de France
L_68857.xml,unresolved-entity-key,James Joyce Quarterly
L_68857.xml,unresolved-entity-key,The Selected Letters of Ezra Pound to John Quinn
L_68857.xml,unresolved-entity-key,The Waste Land
L_68857.xml,unresolved-entity-key,The Selected Letters of Ezra Pound 1907-1941
L_68857.xml,unresolved-entity-key,The Waste Land
L_68857.xml,unresolved-entity-key,The Cantos
L_68857.xml,unresolved-entity-key,The Cantos
L_68867.xml,unresolved-entity-key,"Gebers Forlag, Stockholm"
L_68867.xml,unresolved-entity-key,9 rue Falgrière
L_68916.xml,unresolved-entity-key,JJA
L_68917.xml,unresolved-entity-key,U
L_68917.xml,unresolved-entity-key,U
L_68945.xml,unresolved-entity-key,letter
L_68946.xml,unresolved-entity-key,your letter
L_68955.xml,unresolved-entity-key,66 via Due Macelli
L_68955.xml,unresolved-entity-key,48 via Firenze
L_68959.xml,unresolved-entity-key,Miss Deutsch
L_68959.xml,unresolved-entity-key,2 Whitehall Court
L_68959.xml,unresolved-entity-key,Leeds Mercury
L_68959.xml,unresolved-entity-key,G. K.’s Weekly
L_68959.xml,unresolved-entity-key,The Double Dealer
L_68959.xml,unresolved-entity-key,Genetic Joyce Studies
L_68961.xml,unresolved-entity-key,the other sister
L_68971.xml,unresolved-entity-key,Dr Louis Colin
L_69046.xml,unresolved-entity-key,"Ausgewählte poetische Werke, Sprachlich erneuert, mit Einleitung und Anmerkunge"
L_69150.xml,unresolved-entity-key,JJ
L_69150.xml,unresolved-entity-key,Bradshaw’s Continental Guide
L_69150.xml,unresolved-entity-key,The Automobile
L_69150.xml,unresolved-entity-key,LIII
L_69150.xml,unresolved-entity-key,LIII
L_69150.xml,unresolved-entity-key,JJ
L_69150.xml,unresolved-entity-key,Poetry
L_69150.xml,unresolved-entity-key,W.B. Yeats: A Life. II. The Arch-Poet 1915-1939
L_69150.xml,unresolved-entity-key,Ezra Pound to His Parents: Letters 1895-1929
L_69150.xml,unresolved-entity-key,Le Testament de Villon
L_69150.xml,unresolved-entity-key,Antæus
L_69150.xml,unresolved-entity-key,"W.B. Yeats, 1865-1939"
L_69150.xml,unresolved-entity-key,Der Querschnitt
L_69150.xml,unresolved-entity-key,LIII
L_69203.xml,unresolved-entity-key,The Cantos
L_69203.xml,unresolved-entity-key,Ezra Pound to His Parents: Letters 1895-1929
L_69203.xml,unresolved-entity-key,JJ
L_69203.xml,unresolved-entity-key,LI
L_69203.xml,unresolved-entity-key,San Francisco Argonaut
L_69203.xml,unresolved-entity-key,The Fall of Ulysses: An Elephant Story
L_69203.xml,unresolved-entity-key,Sordello
L_69203.xml,unresolved-entity-key,Sordello
L_69203.xml,unresolved-entity-key,Sordello
L_69203.xml,unresolved-entity-key,Sordello
L_69203.xml,unresolved-entity-key,Sordello
L_69203.xml,unresolved-entity-key,Ezra Pound to His Parents: Letters 1895-1929
L_69203.xml,unresolved-entity-key,Sordello
L_69203.xml,unresolved-entity-key,Poetry
L_69203.xml,unresolved-entity-key,The Cantos
L_69203.xml,unresolved-entity-key,The Cantos
L_69203.xml,unresolved-entity-key,Der Querschnitt
L_69203.xml,unresolved-entity-key,The Peasants
L_69294.xml,unresolved-entity-key,This Quarter
L_69294.xml,unresolved-entity-key,the Italian printer
L_69294.xml,unresolved-entity-key,my piece
L_69294.xml,unresolved-entity-key,JJ
L_69294.xml,unresolved-entity-key,LIII
L_69294.xml,unresolved-entity-key,Rouen and its Vicinity
L_69294.xml,unresolved-entity-key,This Quarter
L_69294.xml,unresolved-entity-key,This Quarter
L_69294.xml,unresolved-entity-key,LIII
L_69294.xml,unresolved-entity-key,This Quarter
L_69294.xml,unresolved-entity-key,This Quarter
L_69294.xml,unresolved-entity-key,This Quarter
L_69294.xml,unresolved-entity-key,This Quarter
L_69294.xml,unresolved-entity-key,Transatlantic Review
L_69294.xml,unresolved-entity-key,Criterion
L_69294.xml,unresolved-entity-key,Le Navire d’Argent
L_69294.xml,unresolved-entity-key,JJ
L_69294.xml,unresolved-entity-key,"James Joyce’s Letters to Sylvia Beach, 1921-1940"
L_69294.xml,unresolved-entity-key,This Quarter
L_69294.xml,unresolved-entity-key,This Quarter
L_69294.xml,unresolved-entity-key,Chicago Tribune
L_69294.xml,unresolved-entity-key,Chicago Tribune
L_69294.xml,unresolved-entity-key,Tribune
L_69294.xml,unresolved-entity-key,LI
L_69294.xml,unresolved-entity-key,JJ
L_69300.xml,unresolved-entity-key,T.Q
L_69300.xml,unresolved-entity-key,This Quarter
L_69300.xml,unresolved-entity-key,Ethel Moorhead
L_69300.xml,unresolved-entity-key,Ezra Pound to His Parents: Letters 1895-1929
L_69300.xml,unresolved-entity-key,This Quarter
L_69300.xml,unresolved-entity-key,This Quarter
L_69300.xml,unresolved-entity-key,Chicago Tribune
L_69300.xml,unresolved-entity-key,Chicago Tribune
L_69300.xml,unresolved-entity-key,JJ
L_69300.xml,unresolved-entity-key,W.G. Fay
L_69300.xml,unresolved-entity-key,JJ
L_69300.xml,unresolved-entity-key,Verbannte
L_69329.xml,unresolved-entity-key,The Pictorial Life of Christ
L_69343.xml,unresolved-entity-key,JJ
L_69343.xml,unresolved-entity-key,Scranton Republican
L_69343.xml,unresolved-entity-key,Ezra Pound to His Parents: Letters 1895-1929
L_69343.xml,unresolved-entity-key,LIII
L_69343.xml,unresolved-entity-key,The New Age
L_69343.xml,unresolved-entity-key,Le Testament de Villon
L_69343.xml,unresolved-entity-key,A Serious Character: The Life of Ezra Pound
L_69343.xml,unresolved-entity-key,Paideuma: Modern and Contemporary Poetry and Poetics
L_69343.xml,unresolved-entity-key,Le Testament de Villon
L_69343.xml,unresolved-entity-key,"Ezra Pound: Poet, A Portrait of the Man and His Work"
L_69343.xml,unresolved-entity-key,Falstaff
L_69343.xml,unresolved-entity-key,"Falstaff: A Lyric Comedy, in Three Acts"
L_69343.xml,unresolved-entity-key,Falstaff
L_69343.xml,unresolved-entity-key,The Merry Wives of Windsor
L_69343.xml,unresolved-entity-key,LI
L_69343.xml,unresolved-entity-key,Two Worlds
L_69343.xml,unresolved-entity-key,LI
L_69343.xml,unresolved-entity-key,LI
L_69343.xml,unresolved-entity-key,LIII
L_69343.xml,unresolved-entity-key,"Without Copyrights: Piracy, Publishing and the Public Domain"
L_69343.xml,unresolved-entity-key,transition
L_69343.xml,unresolved-entity-key,Pound/Joyce
L_69343.xml,unresolved-entity-key,Carmen
L_69343.xml,unresolved-entity-key,Carmen
L_69343.xml,unresolved-entity-key,A Bibliography of James Joyce
L_69343.xml,unresolved-entity-key,"Science, Technology, and Irish Modernism"
L_69405.xml,unresolved-entity-key,Two Worlds Monthly
L_69405.xml,unresolved-entity-key,LI
L_69405.xml,unresolved-entity-key,"Without Copyrights: Piracy, Publishing and the Public Domain"
L_69405.xml,unresolved-entity-key,JJ
L_69405.xml,unresolved-entity-key,Lucia Joyce: To Dance in the Wake
L_69405.xml,unresolved-entity-key,American Review of Reviews
L_69405.xml,unresolved-entity-key,Transatlantic Review
L_69405.xml,unresolved-entity-key,New York Times
L_69405.xml,unresolved-entity-key,"Dear Yeats, Dear Pound, Dear Ford: Jean Robert Foster and Her Circle of Friends"
L_69405.xml,unresolved-entity-key,Without Copyrights
L_69405.xml,unresolved-entity-key,Pound/Joyce
L_69405.xml,unresolved-entity-key,Pound/Joyce
L_69405.xml,unresolved-entity-key,Without Copyrights
L_69405.xml,unresolved-entity-key,Two Worlds
L_69405.xml,unresolved-entity-key,Two Worlds Monthly
L_69405.xml,unresolved-entity-key,Without Copyrights
L_69405.xml,unresolved-entity-key,Two Worlds Monthly
L_69405.xml,unresolved-entity-key,Two Worlds
L_69405.xml,unresolved-entity-key,LI
L_69405.xml,unresolved-entity-key,Two Worlds
L_69405.xml,unresolved-entity-key,Two Worlds Monthly
L_69405.xml,unresolved-entity-key,Without Copyrights
L_69458.xml,unresolved-entity-key,LIII
L_69554.xml,unresolved-entity-key,Pomes Penyeach
L_69554.xml,unresolved-entity-key,Pomes Penyeach
L_69565.xml,unresolved-entity-key,LIII
L_69574.xml,unresolved-entity-key,LIII
L_69589.xml,unresolved-entity-key,Paris and its Environs
L_69589.xml,unresolved-entity-key,"James Sibley Watson, Jr."
L_69589.xml,unresolved-entity-key,New York Times
L_69589.xml,unresolved-entity-key,LIII
L_69589.xml,unresolved-entity-key,LIII
L_69845.xml,unresolved-entity-key,your article
L_69845.xml,unresolved-entity-key,Bravo
L_69845.xml,unresolved-entity-key,L’Indice
L_69845.xml,unresolved-entity-key,L’Indice
L_69845.xml,unresolved-entity-key,James Joyce Quarterly
L_69845.xml,unresolved-entity-key,L’Indice
L_69845.xml,unresolved-entity-key,How to Read
L_69845.xml,unresolved-entity-key,L’Indice
L_69845.xml,unresolved-entity-key,Pound/Lewis: The Letters of Ezra Pound and Wyndham Lewis
L_69845.xml,unresolved-entity-key,L’Indice
L_69845.xml,unresolved-entity-key,Bravo
L_69845.xml,unresolved-entity-key,Bravo
L_69845.xml,unresolved-entity-key,Bravo
L_69845.xml,unresolved-entity-key,Bravo: mensuel
L_69845.xml,unresolved-entity-key,Guillaume Tell
L_69845.xml,unresolved-entity-key,Guillaume Tell
L_69845.xml,unresolved-entity-key,Guillaume Tell
L_69845.xml,unresolved-entity-key,JJ
L_69845.xml,unresolved-entity-key,JJ
L_69845.xml,unresolved-entity-key,Bravo
L_69845.xml,unresolved-entity-key,"James Joyce’s Letters to Sylvia Beach, 1921-1940"
L_69845.xml,unresolved-entity-key,Bravo
L_69845.xml,unresolved-entity-key,Bravo
L_69845.xml,unresolved-entity-key,Bravo: le magazine moderne
L_69845.xml,unresolved-entity-key,Antheil and the Treatise on Harmony
L_69845.xml,unresolved-entity-key,Ballet Mécanique
L_69845.xml,unresolved-entity-key,Ezra Pound to His Parents: Letters 1895-1929
L_69845.xml,unresolved-entity-key,JJ
L_69845.xml,unresolved-entity-key,The Joyce Book
L_69845.xml,unresolved-entity-key,LIII
L_69845.xml,unresolved-entity-key,This Quarter
L_69845.xml,unresolved-entity-key,Cain: A Mystery
L_69845.xml,unresolved-entity-key,LI
L_69845.xml,unresolved-entity-key,LI
L_69845.xml,unresolved-entity-key,Cain
L_69845.xml,unresolved-entity-key,LIII
L_69845.xml,unresolved-entity-key,Bad Boy of Music
L_69845.xml,unresolved-entity-key,LI
L_69892.xml,unresolved-entity-key,Journal de la Société Nationale d’Horticulture de France
L_69892.xml,unresolved-entity-key,Revue horticole
L_69892.xml,unresolved-entity-key,Guillaume Tell
L_69983.xml,unresolved-entity-key,LI
L_69983.xml,unresolved-entity-key,LI
L_69983.xml,unresolved-entity-key,James Joyce Quarterly
L_69983.xml,unresolved-entity-key,LIII
L_69983.xml,unresolved-entity-key,JJ
L_69983.xml,unresolved-entity-key,James Joyce Quarterly
L_69983.xml,unresolved-entity-key,Louis Zukofsky
L_69983.xml,unresolved-entity-key,Pound/Zukofsky: Selected Letters of Ezra Pound and Louis Zukofsky
L_69983.xml,unresolved-entity-key,Cantos
L_69983.xml,unresolved-entity-key,LIII
L_69983.xml,unresolved-entity-key,Laurence Edward Pollinger
L_69983.xml,unresolved-entity-key,Curtis Brown
L_69983.xml,unresolved-entity-key,LIII
L_69983.xml,unresolved-entity-key,LIII
L_69983.xml,unresolved-entity-key,George Oppen
L_69983.xml,unresolved-entity-key,Prolegomena 1-2
L_69983.xml,unresolved-entity-key,Ezra Pound: A Bibliography
L_69983.xml,unresolved-entity-key,Make It New
L_69983.xml,unresolved-entity-key,Literary Essays of Ezra Pound
L_69983.xml,unresolved-entity-key,"Selected Prose, 1909-1965"
L_69983.xml,unresolved-entity-key,Martin Secker
L_69983.xml,unresolved-entity-key,LIII
L_69983.xml,unresolved-entity-key,LIII
L_69983.xml,unresolved-entity-key,How to Read
L_69983.xml,unresolved-entity-key,"Ezra Pound: Poet, A Portrait of the Man and his Work"
L_69983.xml,unresolved-entity-key,Pomes Penyeach
L_69983.xml,unresolved-entity-key,Pomes Penyeach
L_69983.xml,unresolved-entity-key,Harper’s Bazaar
L_69983.xml,unresolved-entity-key,Daily Mail
L_69983.xml,unresolved-entity-key,Daily Mirror
L_70011.xml,unresolved-entity-key,Frankfurter
L_70011.xml,unresolved-entity-key,JJ
L_70011.xml,unresolved-entity-key,Pomes Penyeach
L_70011.xml,unresolved-entity-key,James Joyce: A New Biography
L_70011.xml,unresolved-entity-key,Great Britain: Handbook for Travellers
L_70011.xml,unresolved-entity-key,Cantos
L_70011.xml,unresolved-entity-key,LIII
L_70011.xml,unresolved-entity-key,Laurence Edward Pollinger
L_70011.xml,unresolved-entity-key,Curtis Brown
L_70011.xml,unresolved-entity-key,LIII
L_70011.xml,unresolved-entity-key,LIII
L_70011.xml,unresolved-entity-key,James B. Pinker and Sons
L_70011.xml,unresolved-entity-key,JJ
L_70011.xml,unresolved-entity-key,LIII
L_70011.xml,unresolved-entity-key,LIII
L_70011.xml,unresolved-entity-key,The Conradian
L_70011.xml,unresolved-entity-key,Frankfurter Zeitung
L_70011.xml,unresolved-entity-key,Irene Kafka
L_70011.xml,unresolved-entity-key,The London Mercury
L_70011.xml,unresolved-entity-key,"James Joyce’s Letters to Sylvia Beach, 1921-1940"
L_70011.xml,unresolved-entity-key,Frankfurter Zeitung
L_70011.xml,unresolved-entity-key,JJ
L_70011.xml,unresolved-entity-key,LIII
L_70011.xml,unresolved-entity-key,Peregrine Pieram
L_70011.xml,unresolved-entity-key,Ordeal at Lucknow
L_70011.xml,unresolved-entity-key,My Friend H
L_70011.xml,unresolved-entity-key,Edinburgh: The Golden Age
L_70011.xml,unresolved-entity-key,Edward Gibbon
L_70077.xml,unresolved-entity-key,Albert Vasset
L_70101.xml,unresolved-entity-key,NRF
L_70101.xml,unresolved-entity-key,Il Mattino
L_70101.xml,unresolved-entity-key,La Fiera Letteraria
L_70101.xml,unresolved-entity-key,LIII
L_70101.xml,unresolved-entity-key,La Fiera Letteraria
L_70101.xml,unresolved-entity-key,Il Mattino
L_70101.xml,unresolved-entity-key,A Bibliography of James Joyce
L_70101.xml,unresolved-entity-key,"Without Copyrights: Piracy, Publishing, and the Public Domain"
L_70101.xml,unresolved-entity-key,James Joyce Quarterly
L_70101.xml,unresolved-entity-key,The James Joyce-Paul Léon Papers in the National Library of Ireland: A Catalogue
L_70101.xml,unresolved-entity-key,L’Indice
L_70101.xml,unresolved-entity-key,L’Indice
L_70101.xml,unresolved-entity-key,Pound/Lewis: The Letters of Ezra Pound and Wyndham Lewis
L_70101.xml,unresolved-entity-key,L’Indice
L_70101.xml,unresolved-entity-key,Il Convegno
L_70101.xml,unresolved-entity-key,The James Joyce-Paul Léon Papers in the National Library of Ireland
L_70101.xml,unresolved-entity-key,Pomes Penyeach
L_70101.xml,unresolved-entity-key,Poesia da un soldo
L_70101.xml,unresolved-entity-key,Dall’“Ulisse”
L_70101.xml,unresolved-entity-key,Joyce and/in Translation
L_70101.xml,unresolved-entity-key,Gazzetta del Popolo
L_70101.xml,unresolved-entity-key,Enzo Ferrieri
L_70101.xml,unresolved-entity-key,Esuli
L_70101.xml,unresolved-entity-key,Nouvelle Revue Française
L_70101.xml,unresolved-entity-key,La Nouvelle Revue Française
L_70101.xml,unresolved-entity-key,Jean Schlumberger
L_70101.xml,unresolved-entity-key,Anna Livia Plurabelle
L_70101.xml,unresolved-entity-key,The Fortnightly Review
L_70101.xml,unresolved-entity-key,Anthony Trollope
L_70101.xml,unresolved-entity-key,JJ
L_70101.xml,unresolved-entity-key,The Fortnightly Review
L_70147.xml,unresolved-entity-key,Contempo: A Review of Books and Personalities
L_70147.xml,unresolved-entity-key,Milton Avant Abernethy
L_70147.xml,unresolved-entity-key,Anthony Buttitta
L_70147.xml,unresolved-entity-key,Contempo
L_70147.xml,unresolved-entity-key,Contempo
L_70147.xml,unresolved-entity-key,FW
L_70147.xml,unresolved-entity-key,Les Lauriers sont coupés
L_70147.xml,unresolved-entity-key,Contempo
L_70147.xml,unresolved-entity-key,Contempo
L_70147.xml,unresolved-entity-key,Library Chronicle of the University of Texas at Austin
L_70147.xml,unresolved-entity-key,Library Chronicle of the University of Texas at Austin
L_70147.xml,unresolved-entity-key,James Joyce Quarterly
L_70147.xml,unresolved-entity-key,Contempo
L_70147.xml,unresolved-entity-key,Modernism/modernity
L_70147.xml,unresolved-entity-key,Contempo
L_70147.xml,unresolved-entity-key,Contempo
L_70147.xml,unresolved-entity-key,Contempo
L_70147.xml,unresolved-entity-key,Two Worlds Monthly
L_70147.xml,unresolved-entity-key,Two Worlds
L_70147.xml,unresolved-entity-key,Contempo
L_70147.xml,unresolved-entity-key,Contempo
L_70147.xml,unresolved-entity-key,Joyce Studies Annual 2009
L_70147.xml,unresolved-entity-key,Contempo
L_70147.xml,unresolved-entity-key,Archibald Henderson
L_70147.xml,unresolved-entity-key,Contempo
L_70147.xml,unresolved-entity-key,Contempo
L_70147.xml,unresolved-entity-key,Contempo
L_70147.xml,unresolved-entity-key,George Sylvester Viereck
L_70147.xml,unresolved-entity-key,The House of the Vampire
L_70147.xml,unresolved-entity-key,Lord Alfred Douglas
L_70147.xml,unresolved-entity-key,The Private Life of Frank Harris
L_70147.xml,unresolved-entity-key,James Joyce Quarterly
L_70147.xml,unresolved-entity-key,Contempo
L_70147.xml,unresolved-entity-key,Contempo
L_70147.xml,unresolved-entity-key,Contempo
L_70147.xml,unresolved-entity-key,"Without Copyrights: Piracy, Publishing, and the Public Domain"
L_70195.xml,unresolved-entity-key,the Egoist Press
L_70195.xml,unresolved-entity-key,"Austria Together with Budapest, Prague, Karlsbad, Marienbad"
L_70195.xml,unresolved-entity-key,Professor Alfred Vogt
L_70275.xml,unresolved-entity-key,Paris and its Environs
L_70275.xml,unresolved-entity-key,Annie Lami
L_70275.xml,unresolved-entity-key,Adriano Lami
L_70275.xml,unresolved-entity-key,Gente di Dublino
L_70275.xml,unresolved-entity-key,Araby
L_70275.xml,unresolved-entity-key,Carlo Moscheni
L_70275.xml,unresolved-entity-key,Amalia Popper
L_70275.xml,unresolved-entity-key,Giacomo Joyce
L_70275.xml,unresolved-entity-key,The Years of Bloom: James Joyce in Trieste 1904-1920
L_70275.xml,unresolved-entity-key,the Egoist Press
L_70275.xml,unresolved-entity-key,Chamber Music
L_70275.xml,unresolved-entity-key,Wren Howard
L_70275.xml,unresolved-entity-key,W.H. Davies
L_70275.xml,unresolved-entity-key,Sinclair Lewis
L_70275.xml,unresolved-entity-key,Ernest Hemingway
L_70275.xml,unresolved-entity-key,Margaret Mead
L_70275.xml,unresolved-entity-key,Pomes Penyeach
L_70275.xml,unresolved-entity-key,A Bibliography of James Joyce
L_70275.xml,unresolved-entity-key,LIII
L_70275.xml,unresolved-entity-key,Pomes Penyeach
L_70275.xml,unresolved-entity-key,Lucia Joyce: To Dance in the Wake
L_70275.xml,unresolved-entity-key,transition
L_70275.xml,unresolved-entity-key,LI
L_70275.xml,unresolved-entity-key,A Chaucer A.B.C.
L_70275.xml,unresolved-entity-key,JJ
L_70275.xml,unresolved-entity-key,Othmar Schoeck
L_70275.xml,unresolved-entity-key,Cain: A Mystery
L_70275.xml,unresolved-entity-key,Solange Raythchine Joyce
L_70275.xml,unresolved-entity-key,New York Times
L_70275.xml,unresolved-entity-key,CP
L_70275.xml,unresolved-entity-key,LI
L_70275.xml,unresolved-entity-key,The Cat and the Devil
L_70275.xml,unresolved-entity-key,The Cats of Copenhagen
L_70275.xml,unresolved-entity-key,LIII
L_70275.xml,unresolved-entity-key,Omar Shakespear Pound
L_70275.xml,unresolved-entity-key,Olivia Shakespear
L_70275.xml,unresolved-entity-key,A Bibliography of James Joyce
L_70275.xml,unresolved-entity-key,LI
L_70275.xml,unresolved-entity-key,LI
L_70275.xml,unresolved-entity-key,"Without Copyrights: Piracy, Publishing, and the Public Domain"
L_70275.xml,unresolved-entity-key,JJ
L_70275.xml,unresolved-entity-key,LI
L_70275.xml,unresolved-entity-key,JJ
L_70275.xml,unresolved-entity-key,Without Copyrights
L_70275.xml,unresolved-entity-key,LIII
L_70275.xml,unresolved-entity-key,Binghamton Press
L_70275.xml,unresolved-entity-key,Pomes Penyeach
L_70275.xml,unresolved-entity-key,LIII
L_70326.xml,unresolved-entity-key,that book
L_70326.xml,unresolved-entity-key,JJ
L_70326.xml,unresolved-entity-key,Quai
L_70326.xml,unresolved-entity-key,Casino
L_70326.xml,unresolved-entity-key,Thermal Establishment
L_70326.xml,unresolved-entity-key,Switzerland Together with Chamonix and the Italian Lakes
L_70326.xml,unresolved-entity-key,Switzerland Together with Chamonix and the Italian Lakes
L_70326.xml,unresolved-entity-key,Omar
L_70326.xml,unresolved-entity-key,Olivia Shakespear
L_70326.xml,unresolved-entity-key,JJ
L_70326.xml,unresolved-entity-key,LIII
L_70326.xml,unresolved-entity-key,LI
L_70326.xml,unresolved-entity-key,A Serious Character: The Life of Ezra Pound
L_70326.xml,unresolved-entity-key,"Stone Cottage: Pound, Yeats, and Modernism"
L_70326.xml,unresolved-entity-key,Ode on a Grecian Urn
L_70326.xml,unresolved-entity-key,A Vision and Related Writings
L_70326.xml,unresolved-entity-key,The King of the Great Clock Tower
L_70326.xml,unresolved-entity-key,The Variorum Edition of the Plays of W.B. Yeats
L_70326.xml,unresolved-entity-key,LIII
L_70326.xml,unresolved-entity-key,LIII
L_70351.xml,unresolved-entity-key,JJMU
L_70390.xml,unresolved-entity-key,H.B.M.’s Consul
L_70644.xml,unresolved-entity-key,La Répétition de Danse
L_70644.xml,unresolved-entity-key,The Rehearsal
L_70644.xml,unresolved-entity-key,The Spiral Staircase
L_70644.xml,unresolved-entity-key,JJ
L_70644.xml,unresolved-entity-key,James Joyce Quarterly
L_70880.xml,unresolved-entity-key,Éditions de l’Oiseau-Lyre (Lyrebird Press)
L_70880.xml,unresolved-entity-key,François
L_70880.xml,unresolved-entity-key,Louis Couperin
L_70880.xml,unresolved-entity-key,Joseph Birch Hanson
L_70880.xml,unresolved-entity-key,LI
L_70880.xml,unresolved-entity-key,LIII
L_70880.xml,unresolved-entity-key,Le Testament de Villon
L_70880.xml,unresolved-entity-key,LIII
L_70880.xml,unresolved-entity-key,James Joyce Quarterly
L_70880.xml,unresolved-entity-key,"Twelve sonatas of three parts, for two violins and bass"
L_70880.xml,unresolved-entity-key,William Gillies Whittaker
L_70880.xml,unresolved-entity-key,Olga Rudge
L_70880.xml,unresolved-entity-key,Gerhart Munch
L_70880.xml,unresolved-entity-key,Il Mare
L_70880.xml,unresolved-entity-key,Il Mare
L_70880.xml,unresolved-entity-key,Lyrebird Rising: Louise Hanson-Dyer of Oiseau-Lyre
L_70880.xml,unresolved-entity-key,Il Mare
L_70880.xml,unresolved-entity-key,The Age
L_70880.xml,unresolved-entity-key,Fontes Artis Musicae
L_70880.xml,unresolved-entity-key,Vor Sonnenaufgang
L_70880.xml,unresolved-entity-key,Before Sunrise
L_70880.xml,unresolved-entity-key,Michael Kramer
L_70880.xml,unresolved-entity-key,Michael Kramer
L_70880.xml,unresolved-entity-key,Before Sunrise
L_70880.xml,unresolved-entity-key,Before Sunrise”: James Joyces Translation
L_70880.xml,unresolved-entity-key,Intrepreneur
L_70880.xml,unresolved-entity-key,Genetic Joyce Studies
L_70880.xml,unresolved-entity-key,Michael Kramer
L_70880.xml,unresolved-entity-key,LI
L_70880.xml,unresolved-entity-key,Michael Kramer
L_70880.xml,unresolved-entity-key,Michael Kramer
L_70880.xml,unresolved-entity-key,LIII
L_70880.xml,unresolved-entity-key,Michael Kramer
L_70880.xml,unresolved-entity-key,Zeitschrift für Anglistik und Amerikanistik
L_70880.xml,unresolved-entity-key,Charles Olson
L_70880.xml,unresolved-entity-key,Charles Olson and Ezra Pound: An Encounter at St. Elizabeths
L_70880.xml,unresolved-entity-key,Michael Kramer
L_70880.xml,unresolved-entity-key,Werner Krauss
L_70880.xml,unresolved-entity-key,Bernhard Minetti
L_70880.xml,unresolved-entity-key,Die Jungfern vom Bischofsberg
L_70880.xml,unresolved-entity-key,The Maidens of the Mount
L_70880.xml,unresolved-entity-key,Die Weber
L_70880.xml,unresolved-entity-key,The Weavers
L_70880.xml,unresolved-entity-key,Die Ratten
L_70880.xml,unresolved-entity-key,The Rats
L_70880.xml,unresolved-entity-key,The Author of Himself: The Life of Marcel Reich-Ranicki
L_70880.xml,unresolved-entity-key,Michael Kramer
L_70880.xml,unresolved-entity-key,Michael Kramer
L_70880.xml,unresolved-entity-key,The Dramatic Works of Gerhart Hauptmann
L_70886.xml,unresolved-entity-key,send the book
L_70886.xml,unresolved-entity-key,Michael Kramer
L_70886.xml,unresolved-entity-key,Éditions de l’Oiseau-Lyre (Lyrebird Press)
L_70903.xml,unresolved-entity-key,Michael Kramer
L_70903.xml,unresolved-entity-key,Paris and its Environs
L_70903.xml,unresolved-entity-key,Michael Kramer
L_70905.xml,unresolved-entity-key,the book
L_70905.xml,unresolved-entity-key,Il Mare
L_70905.xml,unresolved-entity-key,James Joyce Quarterly
L_70905.xml,unresolved-entity-key,Michael Kramer
L_70911.xml,unresolved-entity-key,Mr Schneider
L_71019.xml,unresolved-entity-key,Michael Kramer
L_71019.xml,unresolved-entity-key,Michael Kramer
L_71019.xml,unresolved-entity-key,James Joyce Quarterly
L_71277.xml,unresolved-entity-key,LI
L_71277.xml,unresolved-entity-key,LI
L_71422.xml,unresolved-entity-key,transition
L_71422.xml,unresolved-entity-key,FW
L_71422.xml,unresolved-entity-key,JJ
L_71422.xml,unresolved-entity-key,Paris and its Environs
L_71422.xml,unresolved-entity-key,Rouen and its Vicinity
L_71422.xml,unresolved-entity-key,LIII
L_71422.xml,unresolved-entity-key,"Without Copyrights: Piracy, Publishing and the Public Domain"
L_71422.xml,unresolved-entity-key,Without Copyrights
L_71422.xml,unresolved-entity-key,Without Copyrights
L_71422.xml,unresolved-entity-key,Without Copyrights
L_71422.xml,unresolved-entity-key,James Joyce Quarterly
L_71422.xml,unresolved-entity-key,Without Copyrights
L_71422.xml,unresolved-entity-key,The Perfumed Garden
L_71422.xml,unresolved-entity-key,Without Copyrights
L_71422.xml,unresolved-entity-key,Ezra Pound to His Parents: Letters 1895-1929
L_71455.xml,unresolved-entity-key,JJ
L_71455.xml,unresolved-entity-key,Egoist
L_71458.xml,unresolved-entity-key,LIII
L_71458.xml,unresolved-entity-key,Le Testament de Villon
L_71458.xml,unresolved-entity-key,"Ezra Pound: Poet, A Portrait of the Man and his Work"
L_71458.xml,unresolved-entity-key,Le Testament de Villon
L_71458.xml,unresolved-entity-key,La Traviata
L_71458.xml,unresolved-entity-key,Asile Héréditaire: The Life and Career of John O’Sullivan
L_71458.xml,unresolved-entity-key,Tannhäuser
L_71458.xml,unresolved-entity-key,JJ
L_71458.xml,unresolved-entity-key,LI
L_71458.xml,unresolved-entity-key,LI
L_71458.xml,unresolved-entity-key,LI
L_71458.xml,unresolved-entity-key,Reflections on James Joyce: Stuart Gilbert’s Paris Journal
L_71458.xml,unresolved-entity-key,Les Huguenots
L_71458.xml,unresolved-entity-key,La damnation de Faust
L_71458.xml,unresolved-entity-key,Guillaume Tell
L_71458.xml,unresolved-entity-key,Guillaume Tell
L_71458.xml,unresolved-entity-key,JJ
L_71458.xml,unresolved-entity-key,JJ
L_71458.xml,unresolved-entity-key,Giacomo Lauri-Volpi
L_71458.xml,unresolved-entity-key,Guillaume Tell
L_71458.xml,unresolved-entity-key,LIII
L_71458.xml,unresolved-entity-key,The New Statesman and Nation
L_71458.xml,unresolved-entity-key,CW
L_71458.xml,unresolved-entity-key,Guillaume Tell
L_71458.xml,unresolved-entity-key,Journey Towards Music: A Memoir
L_71458.xml,unresolved-entity-key,LI
L_71458.xml,unresolved-entity-key,Irish Times
L_71458.xml,unresolved-entity-key,Irish Times
L_71458.xml,unresolved-entity-key,Irish Times
L_71458.xml,unresolved-entity-key,Tosca
L_71458.xml,unresolved-entity-key,Il Trovatore
L_71458.xml,unresolved-entity-key,Guillaume Tell
L_71458.xml,unresolved-entity-key,La Juive
L_71458.xml,unresolved-entity-key,Die Meistersinger
L_71458.xml,unresolved-entity-key,LIII
L_71459.xml,unresolved-entity-key,Chamber Music
L_71459.xml,unresolved-entity-key,the Tatler
L_71459.xml,unresolved-entity-key,Giovanni Scheiwiller
L_71459.xml,unresolved-entity-key,Chamber Music
L_71459.xml,unresolved-entity-key,James Joyce Quarterly
L_71459.xml,unresolved-entity-key,Profile: An Anthology Collected in MCMXXXI
L_71459.xml,unresolved-entity-key,Profile
L_71459.xml,unresolved-entity-key,Des Imagistes: An Anthology
L_71459.xml,unresolved-entity-key,"The Selected Letters of Ezra Pound, 1907-1941"
L_71459.xml,unresolved-entity-key,Pound/Zukofsky: Selected Letters of Ezra Pound and Louis Zukofsky
L_71459.xml,unresolved-entity-key,Confucius: Digest of the Analects
L_71459.xml,unresolved-entity-key,Chamber Music
L_71459.xml,unresolved-entity-key,A Bibliography of James Joyce
L_71459.xml,unresolved-entity-key,The Tatler
L_71459.xml,unresolved-entity-key,Clement Shorter
L_71459.xml,unresolved-entity-key,The Cantos
L_71502.xml,unresolved-entity-key,Joyce on the Threshold
L_71522.xml,unresolved-entity-key,The Egoist
L_71534.xml,unresolved-entity-key,Dr Louis Colin
L_71534.xml,unresolved-entity-key,Egoist Press
L_71600.xml,unresolved-entity-key,Guillaume Tell
L_71600.xml,unresolved-entity-key,Guillaume Tell
L_71600.xml,unresolved-entity-key,Guillaume Tell
L_71600.xml,unresolved-entity-key,Le Testament de Villon
L_71615.xml,unresolved-entity-key,SL
L_71615.xml,unresolved-entity-key,Pound/Joyce
L_71615.xml,unresolved-entity-key,Pound/Joyce
L_71615.xml,unresolved-entity-key,Pound/Joyce
L_71615.xml,unresolved-entity-key,SL
L_71615.xml,unresolved-entity-key,JJ
L_71615.xml,unresolved-entity-key,Bulletin of Research in the Humanities
L_71635.xml,unresolved-entity-key,JJ
L_71635.xml,unresolved-entity-key,The Years of Bloom: James Joyce in Trieste 1904-1920
L_71802.xml,unresolved-entity-key,JJ
L_71802.xml,unresolved-entity-key,LIII
L_71802.xml,unresolved-entity-key,JJ
L_71802.xml,unresolved-entity-key,"Transatlantic, or the People’s Choice"
L_71802.xml,unresolved-entity-key,The Boston Globe
L_71802.xml,unresolved-entity-key,Bad Boy of Music
L_71802.xml,unresolved-entity-key,The Cantos
L_71802.xml,unresolved-entity-key,A Serious Character: The Life of Ezra Pound
L_71802.xml,unresolved-entity-key,Transatlantic
L_71802.xml,unresolved-entity-key,The Journal of Musicology
L_71802.xml,unresolved-entity-key,Transatlantic
L_71802.xml,unresolved-entity-key,Star Tribune
L_71802.xml,unresolved-entity-key,LIII
L_71804.xml,unresolved-entity-key,JJ
L_71804.xml,unresolved-entity-key,James Joyce Quarterly
L_71804.xml,unresolved-entity-key,The Salt Lake Tribune
L_71804.xml,unresolved-entity-key,Nora: The Real Life of Molly Bloom
L_71804.xml,unresolved-entity-key,The Ogden Standard-Examiner
L_71804.xml,unresolved-entity-key,The Ogden Standard-Examiner
L_71804.xml,unresolved-entity-key,This Quarter
L_71804.xml,unresolved-entity-key,Le Navire d’Argent
L_71804.xml,unresolved-entity-key,FW
L_71804.xml,unresolved-entity-key,JJ
L_71804.xml,unresolved-entity-key,LI
L_71804.xml,unresolved-entity-key,LI
L_68205.xml,choice-alternate-dropped,'c/o' -> 'care of'
L_68205.xml,choice-alternate-dropped,'Gioacchino' -> 'Gioachino'
L_68205.xml,"rend-underline (HTML passthrough, verify in Sveltia)",Poetry
L_68205.xml,"rend-underline (HTML passthrough, verify in Sveltia)", scirocco 
L_68205.xml,"rend-underline (HTML passthrough, verify in Sveltia)",Countess Cathleen
L_68205.xml,choice-alternate-dropped,'Luciani' -> 'Linati'
L_68205.xml,unresolved-entity-inline,Poetry
L_68205.xml,unresolved-entity-inline,Ernest Fenollosa
L_68205.xml,unresolved-entity-inline,Eugene Paul Ullman
L_68205.xml,unresolved-entity-inline,Henri Gaudier-Brzeska
L_68205.xml,unresolved-entity-inline,Pound/Joyce
L_68205.xml,unresolved-entity-inline,Pound/Joyce
L_68205.xml,unresolved-entity-inline,JJ
L_68205.xml,unresolved-entity-inline,Pound/Joyce
L_68205.xml,unresolved-entity-inline,JJ
L_68205.xml,unresolved-entity-inline,Henry James
L_68205.xml,unresolved-entity-inline,Joseph Conrad
L_68205.xml,unresolved-entity-inline,D.H. Lawrence
L_68205.xml,unresolved-entity-inline,Katherine Mansfield
L_68205.xml,unresolved-entity-inline,Dorothy Richardson
L_68205.xml,unresolved-entity-inline,Dubliners
L_68205.xml,unresolved-entity-inline,A Portrait of the Artist as a Young Man
L_68205.xml,unresolved-entity-inline,Egoist
L_68205.xml,unresolved-entity-inline,Exiles: A Play in Three Acts
L_68205.xml,unresolved-entity-inline,Exiles
L_68205.xml,unresolved-entity-inline,Dubliners
L_68205.xml,unresolved-entity-inline,Countess Cathleen
L_68205.xml,unresolved-entity-inline,The Countess Cathleen
L_68205.xml,unresolved-entity-inline,Tragedie Irlandesi di William Butler Yeats
L_68205.xml,unresolved-entity-inline,Stephen Hero
L_68205.xml,unresolved-entity-inline,The Countess Cathleen
L_68205.xml,unresolved-entity-inline,LI
L_68205.xml,unresolved-entity-inline,LI
L_68205.xml,unresolved-entity-inline,J.M. Synge
L_68205.xml,unresolved-entity-inline,Riders to the Sea
L_68205.xml,unresolved-entity-inline,La Cavalcata al Mare
L_68205.xml,unresolved-entity-inline,Solaria
L_68212.xml,"rend-underline (HTML passthrough, verify in Sveltia)",A Curious History
L_68643.xml,choice-alternate-dropped,'cheque' -> 'chèque'
L_68643.xml,choice-alternate-dropped,'remerciments' -> 'remerciements'
L_68643.xml,choice-alternate-dropped,'ving' -> 'vingt'
L_68643.xml,choice-alternate-dropped,'référence' -> 'révérence'
L_68643.xml,choice-alternate-dropped,'gentilesse' -> 'gentillesse'
L_68643.xml,choice-alternate-dropped,'saurai' -> 'saurais'
L_68643.xml,choice-alternate-dropped,'voudriez' -> 'vouliez'
L_68643.xml,choice-alternate-dropped,'l’obligéance' -> 'l’obligeance'
L_68643.xml,choice-alternate-dropped,'remerciments' -> 'remerciements'
L_68643.xml,choice-alternate-dropped,'peutêtre' -> 'peut-être'
L_68643.xml,choice-alternate-dropped,'dans une' -> 'd’une'
L_68643.xml,choice-alternate-dropped,'mécénate' -> 'mécénat'
L_68643.xml,choice-alternate-dropped,'par un' -> 'd’un'
L_68643.xml,unresolved-entity-inline,vieux monsieur
L_68643.xml,choice-alternate-dropped,'rénommé' -> 'renommé'
L_68643.xml,choice-alternate-dropped,'energiquement' -> 'énergiquement'
L_68643.xml,choice-alternate-dropped,'besoins' -> 'besoin'
L_68643.xml,choice-alternate-dropped,'à' -> 'de'
L_68643.xml,choice-alternate-dropped,'désinteressés' -> 'désintéressés'
L_68643.xml,"rend-underline (HTML passthrough, verify in Sveltia)",The
L_68643.xml,"rend-underline (HTML passthrough, verify in Sveltia)",Die
L_68643.xml,"rend-underline (HTML passthrough, verify in Sveltia)",All
L_68643.xml,"rend-underline (HTML passthrough, verify in Sveltia)",The
L_68643.xml,"rend-underline (HTML passthrough, verify in Sveltia)",faive
L_68643.xml,"rend-underline (HTML passthrough, verify in Sveltia)",o
L_68643.xml,"rend-underline (HTML passthrough, verify in Sveltia)",klohk
L_68643.xml,choice-alternate-dropped,'extrèmement' -> 'extrêmement'
L_68643.xml,choice-alternate-dropped,'a' -> 'avez'
L_68643.xml,choice-alternate-dropped,'pétites' -> 'petites'
L_68643.xml,choice-alternate-dropped,'mésure' -> 'mesure'
L_68643.xml,choice-alternate-dropped,'hesitérai' -> 'hésiterai'
L_68643.xml,choice-alternate-dropped,'necéssaires' -> 'nécessaires'
L_68643.xml,choice-alternate-dropped,'remerciments' -> 'remerciements'
L_68643.xml,"rend-underline (HTML passthrough, verify in Sveltia)",The
L_68643.xml,"rend-underline (HTML passthrough, verify in Sveltia)",Die
L_68643.xml,"rend-underline (HTML passthrough, verify in Sveltia)",All
L_68643.xml,"rend-underline (HTML passthrough, verify in Sveltia)",The
L_68643.xml,"rend-underline (HTML passthrough, verify in Sveltia)",faive
L_68643.xml,"rend-underline (HTML passthrough, verify in Sveltia)",o
L_68643.xml,"rend-underline (HTML passthrough, verify in Sveltia)",klohk
L_68643.xml,unresolved-entity-inline,James Joyce Quarterly
L_68643.xml,unresolved-entity-inline,Blasting and Bombardiering
L_68643.xml,unresolved-entity-inline,LI
L_68643.xml,unresolved-entity-inline,Pound/Joyce
L_68643.xml,unresolved-entity-inline,Modernism and the Law
L_68643.xml,unresolved-entity-inline,Bulletin of Research in the Humanities
L_68643.xml,unresolved-entity-inline,John Butler Yeats
L_68643.xml,unresolved-entity-inline,Pound/Joyce
L_68643.xml,unresolved-entity-inline,LI
L_68643.xml,unresolved-entity-inline,"James Sibley Watson, Jr."
L_68643.xml,unresolved-entity-inline,"Ezra Pound: Poet, A Portrait of the Man and his Work"
L_68643.xml,unresolved-entity-inline,Pomes Penyeach
L_68643.xml,unresolved-entity-inline,The Letters of T.S. Eliot
L_68643.xml,unresolved-entity-inline,Blasting and Bombardiering
L_68643.xml,unresolved-entity-inline,JJ
L_68352.xml,gap,[unavailable]
L_68352.xml,"rend-underline (HTML passthrough, verify in Sveltia)",un fiasco discreto
L_68352.xml,gap,[unavailable]
L_68352.xml,"rend-underline (HTML passthrough, verify in Sveltia)", [Ulysses](/works/W_ULYSSES/) 
L_68352.xml,unresolved-entity-inline,Pound/Joyce
L_68352.xml,unresolved-entity-inline,LI
L_68352.xml,unresolved-entity-inline,LII
L_68352.xml,unresolved-entity-inline,Nation
L_68352.xml,unresolved-entity-inline,New Republic
L_68352.xml,unresolved-entity-inline,Times Literary Supplement
L_68352.xml,unresolved-entity-inline,Gulliver’s Travels
L_68352.xml,unresolved-entity-inline,Nation
L_68352.xml,unresolved-entity-inline,TLS
L_68352.xml,unresolved-entity-inline,Vanity Fair
L_68352.xml,unresolved-entity-inline,New Statesman
L_68352.xml,unresolved-entity-inline,New Republic
L_68352.xml,unresolved-entity-inline,Unicorns
L_68352.xml,unresolved-entity-inline,New York Sun
L_68352.xml,unresolved-entity-inline,Everyman
L_68352.xml,unresolved-entity-inline,"James Joyce: The Critical Heritage, Volume 1, 1907-1927"
L_68352.xml,unresolved-entity-inline,James Joyce Quarterly
L_68352.xml,unresolved-entity-inline,Arthur Clutton-Brock
L_68352.xml,unresolved-entity-inline,LII
L_68352.xml,unresolved-entity-inline,Edith Craig
L_68352.xml,unresolved-entity-inline,Ellen Terry
L_68352.xml,unresolved-entity-inline,Mrs. Warren’s Profession
L_68352.xml,unresolved-entity-inline,Charlotte Perkins Gilman
L_68352.xml,unresolved-entity-inline,Three Women
L_68352.xml,unresolved-entity-inline,Reginald Wright Kauffman
L_68352.xml,unresolved-entity-inline,The Daughters of Ishmael
L_68352.xml,unresolved-entity-inline,Magdalen Ponsonby
L_68352.xml,unresolved-entity-inline,Idle Women: A Study in Futility
L_68352.xml,unresolved-entity-inline,Verbannte: Schauspiel in drei Akten
L_68352.xml,unresolved-entity-inline,the Independent Theatre
L_68352.xml,unresolved-entity-inline,Ghosts
L_68352.xml,unresolved-entity-inline,Widowers’ Houses
L_68352.xml,unresolved-entity-inline,Oscar Wilde
L_68352.xml,unresolved-entity-inline,Salome
L_68352.xml,unresolved-entity-inline,Maud Allan
L_68352.xml,unresolved-entity-inline,Egoist Ltd.
L_68352.xml,unresolved-entity-inline,Shakespeare and Company
L_68352.xml,unresolved-entity-inline,the Egoist Press
L_68352.xml,unresolved-entity-inline,JJ
L_68352.xml,unresolved-entity-inline,LI
L_68352.xml,unresolved-entity-inline,LII
L_68352.xml,unresolved-entity-inline,Ulysses in Progress
L_68352.xml,unresolved-entity-inline,Pound/Joyce
L_68352.xml,unresolved-entity-inline,The Cantos
L_68352.xml,unresolved-entity-inline,Poetry
L_68352.xml,unresolved-entity-inline,Poetry
L_68352.xml,unresolved-entity-inline,Don Juan
L_68352.xml,unresolved-entity-inline,Poetry
L_68352.xml,unresolved-entity-inline,Ernest Fenollosa
L_68352.xml,unresolved-entity-inline,“Noh” or Accomplishment: A Study of the Classical Stage of J
L_68352.xml,unresolved-entity-inline,Certain Noble Plays of Japan
L_68352.xml,unresolved-entity-inline,At the Hawk’s Well
L_68352.xml,unresolved-entity-inline,Lady Cunard
L_68352.xml,unresolved-entity-inline,Pound/Joyce
L_68352.xml,unresolved-entity-inline,Iris Barry
L_68352.xml,unresolved-entity-inline,"Selected Letters of Ezra Pound, 1907-1941"
L_68352.xml,unresolved-entity-inline,The Consolations of Matrimony
L_68352.xml,unresolved-entity-inline,Synge
L_68352.xml,unresolved-entity-inline,"Stone Cottage: Pound, Yeats, and Modernism"
L_68352.xml,unresolved-entity-inline,At the Hawk’s Well
L_68352.xml,unresolved-entity-inline,"Ezra Pound: Poet, A Portrait of the Man and His Work"
L_68352.xml,unresolved-entity-inline,The Consolations of Matrimony
L_68352.xml,unresolved-entity-inline,Plays Modelled on the Noh (1916)
L_68352.xml,unresolved-entity-inline,Pound/Joyce
L_68352.xml,unresolved-entity-inline,Pound/Joyce
L_68671.xml,"rend-underline (HTML passthrough, verify in Sveltia)", [Ulysses](/works/W_ULYSSES/) 
L_68671.xml,"rend-underline (HTML passthrough, verify in Sveltia)",Ulysses
L_68671.xml,"rend-underline (HTML passthrough, verify in Sveltia)", [Mercure](/works/W_MERCURE/) 
L_68671.xml,choice-alternate-dropped,'Valette' -> 'Vallette'
L_68671.xml,"rend-underline (HTML passthrough, verify in Sveltia)", [Little Review](/works/W_THELITTLE/) 
L_68671.xml,"rend-underline (HTML passthrough, verify in Sveltia)", [Dial](/works/W_DIAL/) 
L_68671.xml,choice-alternate-dropped,'Elliott' -> 'Eliot'
L_68671.xml,"rend-underline (HTML passthrough, verify in Sveltia)",ami
L_68671.xml,"rend-underline (HTML passthrough, verify in Sveltia)",Fritz
L_68671.xml,"rend-underline (HTML passthrough, verify in Sveltia)",La
L_68671.xml,"rend-underline (HTML passthrough, verify in Sveltia)",Symphonie
L_68671.xml,"rend-underline (HTML passthrough, verify in Sveltia)",Pastorale
L_68671.xml,choice-alternate-dropped,'Elliott' -> 'Eliot'
L_68671.xml,"rend-underline (HTML passthrough, verify in Sveltia)",Circe
L_68671.xml,unresolved-entity-inline,Bulletin of Research in the Humanities
L_68671.xml,unresolved-entity-inline,LI
L_68671.xml,unresolved-entity-inline,LI
L_68671.xml,unresolved-entity-inline,LIII
L_68671.xml,unresolved-entity-inline,James Joyce Quarterly
L_68671.xml,unresolved-entity-inline,Studies in Bibliography
L_68671.xml,unresolved-entity-inline,LIII
L_68671.xml,unresolved-entity-inline,LI
L_68671.xml,unresolved-entity-inline,LIII
L_68671.xml,unresolved-entity-inline,LI
L_68671.xml,unresolved-entity-inline,LIII
L_68671.xml,unresolved-entity-inline,A Story-Teller’s Holiday
L_68671.xml,unresolved-entity-inline,JJ
L_68671.xml,unresolved-entity-inline,Action: Cahiers de philosophie et d’art
L_68671.xml,unresolved-entity-inline,LI
L_68671.xml,unresolved-entity-inline,The Cornell Joyce Collection
L_68671.xml,unresolved-entity-inline,LII
L_68671.xml,unresolved-entity-inline,LI
L_68671.xml,unresolved-entity-inline,Action
L_68671.xml,unresolved-entity-inline,Dedalus; Portrait de l’artiste jeune par lui-même
L_68671.xml,unresolved-entity-inline,Mercure de France
L_68671.xml,unresolved-entity-inline,Mercure
L_68671.xml,unresolved-entity-inline,LIII
L_68671.xml,unresolved-entity-inline,JJ
L_68671.xml,unresolved-entity-inline,Mercure de France
L_68671.xml,unresolved-entity-inline,Nouveau Petit Larousse
L_68671.xml,unresolved-entity-inline,Franziska: Ein Modernes Mysterium
L_68671.xml,unresolved-entity-inline,Ausgewählte Werke
L_68671.xml,unresolved-entity-inline,LIII
L_68671.xml,unresolved-entity-inline,LIII
L_68671.xml,unresolved-entity-inline,LIII
L_68671.xml,unresolved-entity-inline,Ulysses
L_68671.xml,unresolved-entity-inline,James Joyce and Censorship: The Trials of
L_68671.xml,unresolved-entity-inline,Pomes Penyeach
L_68671.xml,unresolved-entity-inline,The Letters of T.S. Eliot
L_68671.xml,unresolved-entity-inline,Le Petit Parisien
L_68671.xml,unresolved-entity-inline,La Nouvelle Revue Française
L_68671.xml,unresolved-entity-inline,Les Caves du Vatican
L_68671.xml,unresolved-entity-inline,Ulysse
L_68671.xml,unresolved-entity-inline,JJ
L_68671.xml,unresolved-entity-inline,Dictionary of Phrase and Fable
L_68671.xml,unresolved-entity-inline,The Boy’s Own Paper
L_68671.xml,unresolved-entity-inline,Cyclopædia of English Literature
L_68671.xml,unresolved-entity-inline,LIII
L_68671.xml,unresolved-entity-inline,T.S. Eliot: A Life
aldi92.xml,unresolved-entity-inline,The Egoist
aldi92.xml,unresolved-entity-inline,English Review
aldi92.xml,unresolved-entity-inline,Finnegans Wake
aldi92.xml,unresolved-entity-inline,Atlantic
allg83.xml,unresolved-entity-inline,Sean O’Casey
allg83.xml,unresolved-entity-inline,How Green Was My Valley
allg83.xml,unresolved-entity-inline,Anna Livia Plurabelle
anth00.xml,unresolved-entity-inline,Ballet Mechanique
anth00.xml,unresolved-entity-inline,Sonata Sauvage
anth00.xml,unresolved-entity-inline,Airplane Sonata
anth00.xml,unresolved-entity-inline,Mechanisms
arch56.xml,unresolved-entity-inline,Fortnightly Review
augs02.xml,unresolved-entity-inline,Jean Cocteau
augs02.xml,unresolved-entity-inline,La vie de Darius Milhaud en images
augs02.xml,unresolved-entity-inline,Journal de la Maison Charles Veillon
babo75.xml,unresolved-entity-inline,Haveth Childers Everywhere
barn58.xml,unresolved-entity-inline,Patrick
barn58.xml,unresolved-entity-inline,Catherine Healy
barn58.xml,unresolved-entity-inline,Thomas Barnacle
barn84.xml,unresolved-entity-inline,Thomas Barnacle
beac87.xml,unresolved-entity-inline,Pomes Penyeach
beac87.xml,unresolved-entity-inline,Our Examination Round His Factification for Incamination of 
benc74.xml,unresolved-entity-inline,La Nazione
beno01.xml,unresolved-entity-inline,Ulysses
bera68.xml,unresolved-entity-inline,Internationale Rundschau
bera68.xml,unresolved-entity-inline,Pomes Penyeach
bera68.xml,unresolved-entity-inline,Die literarische Welt
berg79.xml,unresolved-entity-inline,Ulysses
bloo91.xml,unresolved-entity-inline,In Defense of Marion: The Love of Marion Bloom and H. L. Men
boll98.xml,unresolved-entity-inline,Finnegans Wake
bora92.xml,unresolved-entity-inline,Neue Zürcher Zeitung
bosc78.xml,unresolved-entity-inline,The Little Review
bran42.xml,unresolved-entity-inline,Björnson och Ibsen
bran42.xml,unresolved-entity-inline,William Shakespeare: A Critical Study
bran42.xml,unresolved-entity-inline,Hamlet
bran42.xml,unresolved-entity-inline,Ulysses
budg82.xml,unresolved-entity-inline,Blaise Cendrars
budg82.xml,unresolved-entity-inline,Siegfried Lang
budg82.xml,unresolved-entity-inline,James Joyce and the Making of “Ulysses”
byrn85.xml,unresolved-entity-inline,William P. Headen
byrn85.xml,unresolved-entity-inline,Mary Paddle
cabe79.xml,unresolved-entity-inline,Jurgen: A Comedy of Justice
cald91.xml,unresolved-entity-inline,Golden Book of Modern English Poetry
cald91.xml,unresolved-entity-inline,CM
cald91.xml,unresolved-entity-inline,"The Golden Book of Modern English Poetry, 1870–1920"
card98.xml,unresolved-entity-inline,Music and Letters
card98.xml,unresolved-entity-inline,John Sullivan
card98.xml,unresolved-entity-inline,The Joyce Book
cecc84.xml,unresolved-entity-inline,La Tribuna
chal91.xml,unresolved-entity-inline,Le Président Woodrow Wilson: personnification des plus haut
chalxx.xml,unresolved-entity-inline,Le Président Woodrow Wilson: personnification des plus haut
ciol80.xml,unresolved-entity-inline,The Egoist
cour50.xml,unresolved-entity-inline,Daily Telegraph
cour50.xml,unresolved-entity-inline,Fortnightly Review
dara82.xml,unresolved-entity-inline,Ulysses
dara82.xml,unresolved-entity-inline,Ulysses
dara82.xml,unresolved-entity-inline,The Little Review
dara82.xml,unresolved-entity-inline,Joyce Studies Annual
davr73.xml,unresolved-entity-inline,Mercure de France
davr73.xml,unresolved-entity-inline,Anglo-French Review
davr73.xml,unresolved-entity-inline,Mercure de France
daws07.xml,unresolved-entity-inline,Storiella as She Is Syung
demp54.xml,unresolved-entity-inline,Mary Ellen Doyle
duja61.xml,unresolved-entity-inline,Ulysses
duja61.xml,unresolved-entity-inline,Les lauriers sont coupés
duja61.xml,unresolved-entity-inline,George Moore
duja61.xml,unresolved-entity-inline,The Lake
duja61.xml,unresolved-entity-inline,Revue Wagnérienne
duja61.xml,unresolved-entity-inline,Revue indépendante
duja61.xml,unresolved-entity-inline,Les lauriers sont coupés
duja61.xml,unresolved-entity-inline,Jules Laforgue
duja61.xml,unresolved-entity-inline,Stéphane Mallarmé
duja61.xml,unresolved-entity-inline,The Lake
duja61.xml,unresolved-entity-inline,Dana
duja61.xml,unresolved-entity-inline,Les lauriers sont coupés
elio88.xml,unresolved-entity-inline,The Dial
elio88.xml,unresolved-entity-inline,Introducing James Joyce: A Selection of Joyce's Prose
eman79.xml,unresolved-entity-inline,Corriere della sera
endt83.xml,unresolved-entity-inline,A Portrait
fehr76.xml,unresolved-entity-inline,Ulysses
feil58.xml,unresolved-entity-inline,Internationale Rundschau
fere58.xml,unresolved-entity-inline,L'Arc d'Ulysse
flei19.xml,unresolved-entity-inline,Dorothy Rachel Myers
flei89.xml,unresolved-entity-inline,Ulysses
ford73.xml,unresolved-entity-inline,The Good Soldier
ford73.xml,unresolved-entity-inline,LIII
ford73.xml,unresolved-entity-inline,transatlantic review
ford73.xml,unresolved-entity-inline,Finnegans Wake
ford73.xml,unresolved-entity-inline,Finnegans Wake
foss99.xml,unresolved-entity-inline,The Joyce Book
foss99.xml,unresolved-entity-inline,Pomes Penyeach
fost79.xml,unresolved-entity-inline,John Butler Yeats
fost79.xml,unresolved-entity-inline,Picasso
fost79.xml,unresolved-entity-inline,Constantin Brancusi
fost79.xml,unresolved-entity-inline,American Review of Reviews
fost79.xml,unresolved-entity-inline,Transatlantic Review
gebe53.xml,unresolved-entity-inline,A Portrait of the Artist as a Young Man
gied88.xml,unresolved-entity-inline,"Space, Time and Architecture: the Growth of a New Tradition"
gied93.xml,unresolved-entity-inline,"Moderne Plastik, Elemente der Wirklichkeit, Masse und Aufloc"
gied93.xml,unresolved-entity-inline,Neue Schweizer Rundschau
gied93.xml,unresolved-entity-inline,transition
gied93.xml,unresolved-entity-inline,In Memoriam James Joyce
gied93.xml,unresolved-entity-inline,James Joyce
gilb82.xml,unresolved-entity-inline,G. K.’s Weekly
gilb82.xml,unresolved-entity-inline,The Double Dealer
gilb83.xml,unresolved-entity-inline,Ulysses
gilb83.xml,unresolved-entity-inline,James Joyce’s Ulysses: A Study
gilb83.xml,unresolved-entity-inline,Letters of James Joyce
gilb83.xml,unresolved-entity-inline,Reflections on James Joyce: Stuart Gilbert's Paris Journal
gill76.xml,unresolved-entity-inline,Revue des deux mondes
gill76.xml,unresolved-entity-inline,Charles Péguy
gill76.xml,unresolved-entity-inline,Romain Rolland
gill76.xml,unresolved-entity-inline,Revue des deux mondes
gill76.xml,unresolved-entity-inline,Ulysses
gill76.xml,unresolved-entity-inline,Nouvelle revue française
gill76.xml,unresolved-entity-inline,Revue des deux mondes
gill76.xml,unresolved-entity-inline,Finnegans Wake
gill76.xml,unresolved-entity-inline,Stèle pour Joyce
glov72.xml,unresolved-entity-inline,William Glaisher
glov72.xml,unresolved-entity-inline,Alice
goga78.xml,unresolved-entity-inline,Henry Gogarty
goga78.xml,unresolved-entity-inline,Margaret
goga78.xml,unresolved-entity-inline,Ulysses
goga78.xml,unresolved-entity-inline,Arthur Griffith
goga78.xml,unresolved-entity-inline,W. T. Cosgrave
goga78.xml,unresolved-entity-inline,As I was going down Sackville Street
goga78.xml,unresolved-entity-inline,Tumbling in the Hay
gold80.xml,unresolved-entity-inline,Ottocaro Weiss
gold80.xml,unresolved-entity-inline,Gorman
gorm05.xml,unresolved-entity-inline,Louis Schneider
gorm05.xml,unresolved-entity-inline,Robert MacArthur Crawford
gorm92.xml,unresolved-entity-inline,The Peterborough Anthology
gorm92.xml,unresolved-entity-inline,Henri Cami
gorm92.xml,unresolved-entity-inline,Le Fils des trois mousquetaires
gorm92.xml,unresolved-entity-inline,Carl Van Doren
harm65.xml,unresolved-entity-inline,Daily Mail
harm65.xml,unresolved-entity-inline,The Times
haup62.xml,unresolved-entity-inline,Vor Sonnenaufgang
haup62.xml,unresolved-entity-inline,Before Sunrise: James Joyce's Translation
haup62.xml,unresolved-entity-inline,Michael Kramer
haup62.xml,unresolved-entity-inline,Kramer
haup62.xml,unresolved-entity-inline,Kramer
hirs92.xml,unresolved-entity-inline,"Sainte-Hélène, petite île"
holr97.xml,unresolved-entity-inline,Dubliners
holr97.xml,unresolved-entity-inline,Ulysses
holr97.xml,unresolved-entity-inline,A Portrait of the Artist as a Young Man
hueb76.xml,unresolved-entity-inline,Dubliners
hueb76.xml,unresolved-entity-inline,The Smart Set
hueb76.xml,unresolved-entity-inline,A Portrait of the Artist as a Young Man
hueb76.xml,unresolved-entity-inline,Dubliners
hueb76.xml,unresolved-entity-inline,Exiles
hueb76.xml,unresolved-entity-inline,Chamber Music
hueb76.xml,unresolved-entity-inline,Ulysses
hueb76.xml,unresolved-entity-inline,James Joyce: His First Forty Years
hueb76.xml,unresolved-entity-inline,Dorothy Parker
hueb76.xml,unresolved-entity-inline,Sean O’Faolain
hueb76.xml,unresolved-entity-inline,Erskine Caldwell
hueb76.xml,unresolved-entity-inline,John Steinbeck
hueb76.xml,unresolved-entity-inline,D.H. Lawrence
hueb76.xml,unresolved-entity-inline,Collected Poems
hueb76.xml,unresolved-entity-inline,Finnegans Wake
hueb76.xml,unresolved-entity-inline,The Portable James Joyce
hueb76.xml,unresolved-entity-inline,Exiles
hueb76.xml,unresolved-entity-inline,The Letters of James Joyce
hueb76.xml,unresolved-entity-inline,The Critical Writings of James Joyce
hueb76.xml,unresolved-entity-inline,My Brother’s Keeper: James Joyce’s Early Years
hugh89.xml,unresolved-entity-inline,James
hugh89.xml,unresolved-entity-inline,Maria McKernan
hugh89.xml,unresolved-entity-inline,The White-Headed Boy
john78.xml,unresolved-entity-inline,Hardy
john78.xml,unresolved-entity-inline,The Joyce Book
john78.xml,unresolved-entity-inline,Collected Poems
john78.xml,unresolved-entity-inline,Stephen Hero
john78.xml,unresolved-entity-inline,Gwen John
jola93.xml,unresolved-entity-inline,transition
jola93.xml,unresolved-entity-inline,A James Joyce Yearbook
jola94.xml,unresolved-entity-inline,transition
jola94.xml,unresolved-entity-inline,Finnegans Wake
jola94.xml,unresolved-entity-inline,Man from Babel
joyc03.xml,unresolved-entity-inline,Athenaeum
joyc03.xml,unresolved-entity-inline,Frankfurter Zeitung
joyc03.xml,unresolved-entity-inline,Ordeal at Lucknow
joyc03.xml,unresolved-entity-inline,Edward Gibbon
joyc03.xml,unresolved-entity-inline,Samuel Johnson
joyc03.xml,unresolved-entity-inline,Peregrine Pieram
joyc03.xml,unresolved-entity-inline,Symposium
joyc05.xml,unresolved-entity-inline,Asta Osterwalder
joyc07.xml,unresolved-entity-inline,Pomes Penyeach
joyc07.xml,unresolved-entity-inline,"The Mime of Mick, Nick and the Maggies"
joyc07.xml,unresolved-entity-inline,A Chaucer A. B. C.
joyc32.xml,unresolved-entity-inline,Solange Raythchine
joyc32.xml,unresolved-entity-inline,New York Times
joyc84.xml,unresolved-entity-inline,Dubliners
joyc84.xml,unresolved-entity-inline,A Portrait of the Artist as a Young Man
joyc84.xml,unresolved-entity-inline,Nelly Lichtensteiger
joyc84.xml,unresolved-entity-inline,James
joyc84.xml,unresolved-entity-inline,Richard Ellmann
joyc84.xml,unresolved-entity-inline,My Brother’s Keeper: James Joyce’s Early Years
joyc89.xml,unresolved-entity-inline,Eva
kaha87.xml,unresolved-entity-inline,Haveth Childers Everywhere
kaha87.xml,unresolved-entity-inline,Pomes Penyeach
kett80.xml,unresolved-entity-inline,Chamber Music
kett80.xml,unresolved-entity-inline,Exiles
kief81.xml,unresolved-entity-inline,Helen Kieffer
kief81.xml,unresolved-entity-inline,The Little Review
kief81.xml,unresolved-entity-inline,Ulysses
kief81.xml,unresolved-entity-inline,Ulysses
larb81.xml,unresolved-entity-inline,Ulysses
larb81.xml,unresolved-entity-inline,Nouvelle revue française
larb81.xml,unresolved-entity-inline,Ulysses
lefa14.xml,unresolved-entity-inline,The House by the Churchyard
lefa14.xml,unresolved-entity-inline,Finnegans Wake
leon93.xml,unresolved-entity-inline,Vladimir Nabokov
leon93.xml,unresolved-entity-inline,New York Herald Tribune
leon93.xml,unresolved-entity-inline,Madame de Staël
leon93.xml,unresolved-entity-inline,Benjamin Constant
leon93.xml,unresolved-entity-inline,Finnegans Wake
lest88.xml,unresolved-entity-inline,Weekly Freeman
lidw64.xml,unresolved-entity-inline,Dubliners
lidw64.xml,unresolved-entity-inline,Ulysses
lidw64.xml,unresolved-entity-inline,Freeman’s Journal
lidw64.xml,unresolved-entity-inline,Ulysses
lina78.xml,unresolved-entity-inline,Il Convegno
lina78.xml,unresolved-entity-inline,Ulysses
lina78.xml,unresolved-entity-inline,Stephen Hero
live86.xml,unresolved-entity-inline,A Portrait of the Artist as a Young Man
live86.xml,unresolved-entity-inline,Ulysses
macg93.xml,unresolved-entity-inline,transition
macg93.xml,unresolved-entity-inline,Our Exagmination Round His Factification for Incamination of
macg93.xml,unresolved-entity-inline,Poems
mars82.xml,unresolved-entity-inline,The Freewoman
marsxx.xml,unresolved-entity-inline,Mushrooms: A Book of Free Forms
marsxx.xml,unresolved-entity-inline,Others: A Magazine of the Free Verse
math51.xml,unresolved-entity-inline,Yellow Book
math51.xml,unresolved-entity-inline,Riders to the Sea
math51.xml,unresolved-entity-inline,Chamber Music
math51.xml,unresolved-entity-inline,Dubliners
math51.xml,unresolved-entity-inline,Dubliners
math51.xml,unresolved-entity-inline,Chamber Music
mati69.xml,unresolved-entity-inline,Ulysses
mati69.xml,unresolved-entity-inline,Odyssey
mcal95.xml,unresolved-entity-inline,Contact
mcal95.xml,unresolved-entity-inline,Contact Collection of Contemporary Writers
mcal95.xml,unresolved-entity-inline,Our Exagmination Round His Factification for Incamination of
mcal95.xml,unresolved-entity-inline,Being Geniuses Together: An Autobiography
mett89.xml,unresolved-entity-inline,Verbannte
mett89.xml,unresolved-entity-inline,James Joyce in Zurich: A Guide
miln84.xml,unresolved-entity-inline,LI
monn92.xml,unresolved-entity-inline,Le Navire d’argent
monn92.xml,unresolved-entity-inline,Commerce
monr76.xml,unresolved-entity-inline,Harold Monro
monr76.xml,unresolved-entity-inline,Edward
monr91.xml,unresolved-entity-inline,LII
moor52.xml,unresolved-entity-inline,Esther Waters
moor52.xml,unresolved-entity-inline,The Untilled Field
moor52.xml,unresolved-entity-inline,Hail and Farewell
murr62.xml,unresolved-entity-inline,James J. Giltrap
murr62.xml,unresolved-entity-inline,William Murray
murr62.xml,unresolved-entity-inline,Ulysses
murr62.xml,unresolved-entity-inline,Ulysses
murr62.xml,unresolved-entity-inline,Ulysses
murr89.xml,unresolved-entity-inline,The Nation & the Athenaeum
murr89.xml,unresolved-entity-inline,The Adelphi
murr89.xml,unresolved-entity-inline,Katherine Mansfield
nutt90.xml,unresolved-entity-inline,Ulysses
palm82.xml,unresolved-entity-inline,Chamber Music
parn46.xml,unresolved-entity-inline,A Portrait of the Artist as a Young Man
parn46.xml,unresolved-entity-inline,Ulysses
parn46.xml,unresolved-entity-inline,Finnegans Wake
peti13.xml,unresolved-entity-inline,La Nouvelle revue française
pink62.xml,unresolved-entity-inline,Levant Herald
pink62.xml,unresolved-entity-inline,Black & White
pink62.xml,unresolved-entity-inline,Pearson’s Magazine
poun85.xml,unresolved-entity-inline,Des Imagistes
poun85.xml,unresolved-entity-inline,Ulysses
poun85.xml,unresolved-entity-inline,Ulysses
poun86.xml,unresolved-entity-inline,Blast
poun86.xml,unresolved-entity-inline,Elimus: A Story
poun86.xml,unresolved-entity-inline,Etruscan Gate
quin70.xml,unresolved-entity-inline,Joseph Conrad
quin70.xml,unresolved-entity-inline,Exiles
quin70.xml,unresolved-entity-inline,The Little Review
quin70.xml,unresolved-entity-inline,Ulysses
quin70.xml,unresolved-entity-inline,Ulysses
race85.xml,unresolved-entity-inline,Leigh Lovel
read93.xml,unresolved-entity-inline,James Joyce and the Plain Reader
redd89.xml,unresolved-entity-inline,Kenneth Sheils Reddin
redd89.xml,unresolved-entity-inline,Peer Gynt
redd89.xml,unresolved-entity-inline,Evelyn Egan
rich72.xml,unresolved-entity-inline,W.T. Stead
rich72.xml,unresolved-entity-inline,Review of Reviews
rich72.xml,unresolved-entity-inline,A.E. Housman
rich72.xml,unresolved-entity-inline,G.K. Chesterton
rich72.xml,unresolved-entity-inline,Author Hunting by an Old Literary Sportsman: Memories of Yea
rodk94.xml,unresolved-entity-inline,The Little Review
rodk94.xml,unresolved-entity-inline,Ulysses
rodk94.xml,unresolved-entity-inline,Finnegans Wake
rodk94.xml,unresolved-entity-inline,Our Exagmination Round His Factification for Incamination of
rugg87.xml,unresolved-entity-inline,Alfred
rugg87.xml,unresolved-entity-inline,Robert Browning
rugg87.xml,unresolved-entity-inline,In a Balcony
sach94.xml,unresolved-entity-inline,Wagner’s
sach94.xml,unresolved-entity-inline,Die Meistersinger von Nürnberg
sain45.xml,unresolved-entity-inline,A History of English Prose Rhythm
sain45.xml,unresolved-entity-inline,Ulysses
sain45.xml,unresolved-entity-inline,LI
savi81.xml,unresolved-entity-inline,Dedalus: Portrait de l'artiste jeune par lui-même
savi81.xml,unresolved-entity-inline,Stephen le Héros
schi68.xml,unresolved-entity-inline,A la Recherche du temps perdu
schi68.xml,unresolved-entity-inline,Time Regained
schi68.xml,unresolved-entity-inline,Renard
schm61.xml,unresolved-entity-inline,L’Indipendente
schm61.xml,unresolved-entity-inline,Una Vita
schm61.xml,unresolved-entity-inline,Senilità
schm61.xml,unresolved-entity-inline,Giuseppina Zergol
schm61.xml,unresolved-entity-inline,Senilità
schm61.xml,unresolved-entity-inline,La Coscienza di Zeno
schm61.xml,unresolved-entity-inline,Ulysses
schm61.xml,unresolved-entity-inline,Il Convegno
schm74.xml,unresolved-entity-inline,Senilità
schm74.xml,unresolved-entity-inline,Vita di mio marito
schw99.xml,unresolved-entity-inline,James Clarence Mangan
schw99.xml,unresolved-entity-inline,Ibsen’s New Drama
schw99.xml,unresolved-entity-inline,Ellmann
segr84.xml,unresolved-entity-inline,Daily News
segr84.xml,unresolved-entity-inline,Henry Carr
segr84.xml,unresolved-entity-inline,News Chronicle
serr86.xml,unresolved-entity-inline,A Portrait
serr86.xml,unresolved-entity-inline,Exiles
shor57.xml,unresolved-entity-inline,The Sphere
star79.xml,unresolved-entity-inline,William Starkey
star79.xml,unresolved-entity-inline,Martha Starkey
star79.xml,unresolved-entity-inline,Dublin Magazine
star79.xml,unresolved-entity-inline,Austin Clarke
star79.xml,unresolved-entity-inline,Mary Lavin
star79.xml,unresolved-entity-inline,Estella Solomons
step80.xml,person-missing-full-name,step80
step80.xml,unresolved-entity-inline,Sinn Féin
step80.xml,unresolved-entity-inline,The Crock of Gold
step80.xml,unresolved-entity-inline,LI
sull77.xml,unresolved-entity-inline,Guillaume Tell
sull77.xml,unresolved-entity-inline,New Statesman and Nation
sumn76.xml,unresolved-entity-inline,The Little Review
syke83.xml,unresolved-entity-inline,Octavia Kenmore
syke83.xml,unresolved-entity-inline,Leigh Lovel
syke83.xml,unresolved-entity-inline,Ulysses
syke83.xml,unresolved-entity-inline,The Importance of Being Earnest
syke83.xml,unresolved-entity-inline,Ulysses
syke83.xml,unresolved-entity-inline,John Buchan
syke83.xml,unresolved-entity-inline,Alias William Shakespeare?
tago61.xml,unresolved-entity-inline,Gitanjali
thom07.xml,unresolved-entity-inline,Signatures: Work in Progress
thom07.xml,unresolved-entity-inline,Vor Sonnenaufgang
thom07.xml,unresolved-entity-inline,Joyce and Hauptmann: Before Sunrise: James Joyce's Translati
vale82.xml,unresolved-entity-inline,Finnegans Wake
vida75.xml,unresolved-entity-inline,Synge’s
vida75.xml,unresolved-entity-inline,Riders to the Sea
vida75.xml,unresolved-entity-inline,Solaria
vida75.xml,unresolved-entity-inline,The Countess Cathleen
vogt79.xml,unresolved-entity-inline,Atlas der Spaltlampenmikroskopie des lebenden Auges
vogt79.xml,unresolved-entity-inline,LIII
vogt79.xml,unresolved-entity-inline,Helene
vrie77.xml,unresolved-entity-inline,"Wine, Women and Song"
weav76.xml,unresolved-entity-inline,The Freewoman
weav76.xml,unresolved-entity-inline,The New Freewoman
weav76.xml,unresolved-entity-inline,The Egoist
weav76.xml,unresolved-entity-inline,A Portrait of the Artist as a Young Man
weav76.xml,unresolved-entity-inline,The Egoist
weav76.xml,unresolved-entity-inline,Ulysses
weav76.xml,unresolved-entity-inline,The Egoist
weav76.xml,unresolved-entity-inline,Finnegans Wake
weav76.xml,unresolved-entity-inline,Finnegans Wake
well69.xml,unresolved-entity-inline,Finnegans Wake
(corpus-wide),person-not-in-register,G_CHE -> 'Switzerland'
(corpus-wide),person-not-in-register,G_CHE_LOCA -> 'Locarno'
(corpus-wide),person-not-in-register,G_CHE_LOCA_02 -> 'Pension Daheim'
(corpus-wide),person-not-in-register,IDmissing -> 'Browning'
(corpus-wide),person-not-in-register,L_68277 -> 'telegram to Harriet Weaver of 22 January 1916'
(corpus-wide),person-not-in-register,alon98 -> 'Spaniard'
(corpus-wide),person-not-in-register,ande86 -> 'Margaret Anderson'
(corpus-wide),person-not-in-register,asqu52 -> 'H.H. Asquith'
(corpus-wide),person-not-in-register,atte68 -> 'Swedish translator'
(corpus-wide),person-not-in-register,balf48 -> 'A. J. Balfour'
(corpus-wide),person-not-in-register,barn76 -> 'Miss Barney'
(corpus-wide),person-not-in-register,barn842 -> 'Nora'
(corpus-wide),person-not-in-register,barn92 -> 'Djuna Barnes'
(corpus-wide),person-not-in-register,beac93 -> 'Beach'
(corpus-wide),person-not-in-register,bend67 -> 'Benda'
(corpus-wide),person-not-in-register,bend86 -> 'Benda'
(corpus-wide),person-not-in-register,benn66 -> 'Mr Bennett'
(corpus-wide),person-not-in-register,bloc81 -> 'Mr Bloch'
(corpus-wide),person-not-in-register,boyd87 -> 'Ernest Boyd'
(corpus-wide),person-not-in-register,brad78 -> 'Bradley'
(corpus-wide),person-not-in-register,bran76 -> 'Constantin Brancusi'
(corpus-wide),person-not-in-register,budg36 -> 'Joan'
(corpus-wide),person-not-in-register,budr83 -> 'Mr Budry'
(corpus-wide),person-not-in-register,cape79 -> 'J. Cape'
(corpus-wide),person-not-in-register,carr94 -> 'Mr Carr'
(corpus-wide),person-not-in-register,coll96 -> 'Dr Collinson'
(corpus-wide),person-not-in-register,colu81 -> 'Padraic Colum'
(corpus-wide),person-not-in-register,conn78 -> 'Conner'
(corpus-wide),person-not-in-register,conr57 -> 'Joseph Conrad'
(corpus-wide),person-not-in-register,cope79 -> 'Jacques Copeau'
(corpus-wide),person-not-in-register,corr75 -> 'Magistrate Corrigan'
(corpus-wide),person-not-in-register,davi71 -> 'W.H. Davies'
(corpus-wide),person-not-in-register,davr72 -> 'Mr Davray'
(corpus-wide),person-not-in-register,debo01 -> 'Mr Debosis de Bosis’s'
(corpus-wide),person-not-in-register,devl71 -> 'Mr Devlin'
(corpus-wide),person-not-in-register,dosp96 -> 'John Dos Passos'
(corpus-wide),person-not-in-register,drei71 -> 'Theodore Dreiser'
(corpus-wide),person-not-in-register,dyer60 -> 'husband'
(corpus-wide),person-not-in-register,fels91 -> 'Mr Fels'
(corpus-wide),person-not-in-register,font65 -> 'Fontainas'
(corpus-wide),person-not-in-register,fran78 -> 'Mr Alessandro Francini'
(corpus-wide),person-not-in-register,gide69 -> 'Mr Gide'
(corpus-wide),person-not-in-register,goss49 -> 'Mr Gosse'
(corpus-wide),person-not-in-register,goul48 -> 'your New York specialist'
(corpus-wide),person-not-in-register,grei62 -> 'Mr Grein'
(corpus-wide),person-not-in-register,haab50 -> 'Dr Haab'
(corpus-wide),person-not-in-register,hans84 -> 'Mrs Dyer'
(corpus-wide),person-not-in-register,harm03 -> 'D. Harmsworth'
(corpus-wide),person-not-in-register,hart93 -> 'D r Hartmann'
(corpus-wide),person-not-in-register,heap83 -> 'Jane Heap'
(corpus-wide),person-not-in-register,hemi99 -> 'Ernest Hemingway'
(corpus-wide),person-not-in-register,horn60 -> 'Miss Horniman'
(corpus-wide),person-not-in-register,hugh01 -> 'Langston Hughes'
(corpus-wide),person-not-in-register,ibse28 -> 'Ibsen'
(corpus-wide),person-not-in-register,jame43 -> 'Henry James'
(corpus-wide),person-not-in-register,joyc00 -> 'We'
(corpus-wide),person-not-in-register,joyc82 -> 'James Joyce'
(corpus-wide),person-not-in-register,joyc93 -> 'Michael Joyce'
(corpus-wide),person-not-in-register,joyc94 -> 'Helen Kastor Fleischman'
(corpus-wide),person-not-in-register,jung75 -> 'C.G. Jung'
(corpus-wide),person-not-in-register,knob74 -> 'Mr Knoblock'
(corpus-wide),person-not-in-register,knop92 -> 'Mr Alfred Knof Knopf'
(corpus-wide),person-not-in-register,krey83 -> 'Mr Kreymborg'
(corpus-wide),person-not-in-register,lawr85 -> 'D.H. Lawrence'
(corpus-wide),person-not-in-register,lenzXX -> 'Jakob Lenz'
(corpus-wide),person-not-in-register,leon99 -> 'Mrs Léon'
(corpus-wide),person-not-in-register,lewi82 -> 'Wyndham Lewis'
(corpus-wide),person-not-in-register,lewi85 -> 'Sinclair Lewis'
(corpus-wide),person-not-in-register,lich70 -> 'Mr A. Lichtenberger'
(corpus-wide),person-not-in-register,loyrXX -> 'Loy'
(corpus-wide),person-not-in-register,lugn69 -> 'Lugne Poe'
(corpus-wide),person-not-in-register,macl92 -> 'Archibald MacLeish'
(corpus-wide),person-not-in-register,maet62 -> 'Mr Maeterlinck'
(corpus-wide),person-not-in-register,mans88 -> 'Katherine Mansfield'
(corpus-wide),person-not-in-register,math93 -> 'Mathers'
(corpus-wide),person-not-in-register,mead01 -> 'Margaret Mead'
(corpus-wide),person-not-in-register,melb59 -> 'Nellie Mitchel (Melba)'
(corpus-wide),person-not-in-register,menc80 -> 'editor'
(corpus-wide),person-not-in-register,monr60 -> 'Miss Monro Monroe'
(corpus-wide),person-not-in-register,moor70 -> 'Mr Sturge Moore'
(corpus-wide),person-not-in-register,mose96 -> 'Mosers Werner'
(corpus-wide),person-not-in-register,nata01 -> 'Nathanson Natanson'
(corpus-wide),person-not-in-register,okak68 -> 'Prof. Okakura'
(corpus-wide),person-not-in-register,okel82 -> 'my parliamentary representative'
(corpus-wide),person-not-in-register,pink00 -> 'James Ralph'
(corpus-wide),person-not-in-register,pink63 -> 'My agent'
(corpus-wide),person-not-in-register,pink91 -> 'Eric Seabrooke'
(corpus-wide),person-not-in-register,poun26 -> 'your son and heir'
(corpus-wide),person-not-in-register,rich73 -> 'Miss Richardson'
(corpus-wide),person-not-in-register,robi86 -> 'Lennox Robinson'
(corpus-wide),person-not-in-register,rock39 -> 'Mr Rockefeller'
(corpus-wide),person-not-in-register,ross93 -> 'Rossi'
(corpus-wide),person-not-in-register,roth93 -> 'Samuel Roth'
(corpus-wide),person-not-in-register,rumb69 -> 'Sir Horace Rumbold'
(corpus-wide),person-not-in-register,russ67 -> 'George Russell'
(corpus-wide),person-not-in-register,sain64 -> 'Prof. Saentsbury Saintsbury'
(corpus-wide),person-not-in-register,sama58 -> 'Albert Samain'
(corpus-wide),person-not-in-register,saue80 -> 'prima donna'
(corpus-wide),person-not-in-register,scot93 -> 'Miss Scott'
(corpus-wide),person-not-in-register,shaw56 -> 'George Bernard Shaw'
(corpus-wide),person-not-in-register,sidl69 -> 'Professor Ernst Sidler'
(corpus-wide),person-not-in-register,sidler69 -> 'Dr Sidler'
(corpus-wide),person-not-in-register,sinc63 -> 'Miss Sinclair'
(corpus-wide),person-not-in-register,soup97 -> 'Mr Philippe Soupault'
(corpus-wide),person-not-in-register,stef66 -> 'Lincoln Steffens'
(corpus-wide),person-not-in-register,suar68 -> 'Mr Suarès'
(corpus-wide),person-not-in-register,sull85 -> 'Marguerite Dequin'
(corpus-wide),person-not-in-register,sute96 -> 'Rösi'
(corpus-wide),person-not-in-register,thay89 -> 'Scofield Thayer'
(corpus-wide),person-not-in-register,tina91 -> 'Tinayre'
(corpus-wide),person-not-in-register,vall58 -> 'Valette Vallette'
(corpus-wide),person-not-in-register,vand76 -> 'Fritz'
(corpus-wide),person-not-in-register,vene45 -> 'Gioacchino Gioachino Veneziani'
(corpus-wide),person-not-in-register,wads95 -> 'Mr Owen Nugent'
(corpus-wide),person-not-in-register,wals95 -> 'Mr Walsh'
(corpus-wide),person-not-in-register,wats94 -> 'Mr Watson'
(corpus-wide),person-not-in-register,well66 -> 'H.G. Wells'
(corpus-wide),person-not-in-register,yeat39 -> 'Mr JB Yeats'
